# generated by scripts/build_brief_pack.py (cc_tasks/2026-09-22_brief_material_pack_v2.md); framework record at commit 9ffcffddbf8f (framework/ai_readiness_framework.json, generated_from docs/crosswalk/usafacts_operationalization_skeleton.md); cycle of record scan_2026-09-10_rj4. Do not edit: re-run the generator.
code,criterion,construct,indicator,type,measurement_tier,measurement_basis,rule,rule_built,access_tier,status,mark,departure,kept_verbatim_or_restated
A1,A,Machine-readable formats,"Product available as structured data (CSV/JSON/parquet), not PDF-only",AUTO,M,harness_leg,RULE-A1-v4,yes,public,draft,added (operationalizes A ACCESSIBLE),,restated
A2,A,Programmatic access,Documented public API; auth model; rate limits stated,AUTO/DOC,M,harness_leg,RULE-A2-v3,yes,public,draft,added (operationalizes A ACCESSIBLE),,restated
A3,A,Bulk access,Full-product bulk download exists and is linked from product page,AUTO,M,harness_leg,RULE-A3-v6,yes,public,draft,added (operationalizes A ACCESSIBLE),,restated
A4,A,Crawler/agent access,robots.txt + AI-crawler policy permit retrieval; no soft-blocks on data paths,AUTO,M,harness_leg,RULE-A4-v1,yes,public,draft,added (operationalizes A ACCESSIBLE),,restated
A5,A,Discoverability surface,llms.txt (or equivalent) present; sitemap covers data products,AUTO,M,harness_leg,RULE-A5-v2,yes,public,draft,added (operationalizes A ACCESSIBLE),,restated
A6,A,Structured markup,schema.org/Dataset (or DCAT/Croissant) markup valid on product pages,AUTO,M,harness_leg,RULE-A6-v2,yes,public,draft,added (operationalizes A ACCESSIBLE),,restated
A7,A,Stable identifiers,Persistent URLs/DOIs for products and vintages,DOC,O,open_tool,none,no,agency_instrumented,draft,added (operationalizes A ACCESSIBLE),,restated
A8,A,Timeliness of surface,Release date machine-readable; latest-vintage pointer resolvable,AUTO,M,harness_leg,RULE-A8-v4,yes,public,draft,added (operationalizes A ACCESSIBLE),,restated
A9,A,M2M agent surface,Product exposes a machine-first entry point (documented API plus MCP/A2A-class endpoint or equivalent agent protocol); human pages derivable from it,AUTO,M,harness_leg,RULE-A9-v1,yes,public,"draft; frontier_deep track, as_of 2026-01",added (operationalizes A ACCESSIBLE),"skeleton line 168: 9. **Machine as first-class user (§1b)** — delivered feedback, grounded in FAIR rather than prediction: machine-actionability as primary design target, human surface derived; A9 makes it auditable.",restated
A10,A,Application/data-tool machine surface,"Interactive data tools expose stable, directly-requestable deep links; meaningful states are not fragment-only or session-dependent; invalid routes return true 404/410, not HTTP-200 shell (soft-404); page-specific content present in raw HTML before JS execution",AUTO,M,harness_leg,RULE-A10-v3,yes,public,stub,added (operationalizes A ACCESSIBLE),,restated
A11,A,Effective crawler access (declared / enforced / observed),"A4 upgraded from declared-policy check to three-layer comparison: declared (robots.txt/meta directives) vs enforced (edge/WAF/bot-management treatment) vs observed (actual crawler request logs). A mismatch between layers is itself the finding, not an error state",AUTO + agency_instrumented,M,harness_leg,RULE-A11-declared-v2,yes,agency_instrumented,stub,added (operationalizes A ACCESSIBLE),,restated
A12,A,Access policy coherence,"An identified, robots-compliant machine client that robots.txt permits is served (not refused by a WAF or bot manager)",AUTO,M,harness_leg,RULE-A12-v3,yes,public,candidate,"candidate (DD-054: reported, not part of the framework)",,restated
B1,B,Variable-level semantics,"Comprehensive variable-level metadata (labels, definitions, units, universes)",DOC,M,harness_leg,RULE-B1-v2,yes,agency_instrumented,draft,added (operationalizes B UNDERSTANDABLE),,restated
B2,B,Definitions surface,"Concept/term definitions published, versioned, linked from variables",DOC,M,harness_leg,RULE-B2-v1,yes,agency_instrumented,draft,added (operationalizes B UNDERSTANDABLE),,restated
B3,B,Methodology legibility,Methodology docs in structured text (not PDF-only); summarizable by retrieval,AUTO/DOC,M,harness_leg,RULE-B3-v3,yes,public,draft,added (operationalizes B UNDERSTANDABLE),,restated
B4,B,Quality metadata,"Data-quality attributes (error measures, suppression rules, revisions policy) published as metadata, not prose",DOC,M,harness_leg,RULE-B4-v1,yes,agency_instrumented,draft,added (operationalizes B UNDERSTANDABLE),,restated
B5,B,Semantic consistency,Same concept ⇒ same identifier across products/vintages,DOC,M,harness_leg,RULE-B5-v1,yes,agency_instrumented,draft,added (operationalizes B UNDERSTANDABLE),,restated
B6,B,NL affordances,Plain-language product summary present and current (the retrieval target),DOC,unassigned,,none,no,agency_instrumented,draft,added (operationalizes B UNDERSTANDABLE),,restated
C1,C,Retrieval-grounded QA accuracy,Benchmark question set per product; answer accuracy of a retrieval-paired model vs published values,EVAL,M,evaluation,none,no,paid,draft,added (operationalizes C ACCURATE),,restated
C2,C,Faithfulness of AI restatement,"Entailment-judged: do model statements about the product entail from product text? (probe protocol, re-aimed)",EVAL,M,evaluation,none,no,paid,draft,added (operationalizes C ACCURATE),,restated
C3,C,Value-drift resistance,Version/vintage disambiguation: does retrieval return the vintage asked for?,EVAL,M,evaluation,none,no,paid,draft,added (operationalizes C ACCURATE),,restated
C4,C,Citation quality,Generative engines citing the product cite the authoritative page (not aggregators),EVAL/AUTO,M,evaluation,none,no,public,draft,added (operationalizes C ACCURATE),,restated
C5,C,Readiness metrics baseline,Product scored against published AI-data-readiness metrics,DOC,O,open_tool,none,no,agency_instrumented,draft,added (operationalizes C ACCURATE),,restated
D1,D,License clarity,Explicit machine-readable license/terms on product and API,AUTO,M,harness_leg,RULE-D1-v3,yes,public,draft,added (operationalizes D OPEN),,restated
D2,D,Reuse permissions for AI,Terms address model training/retrieval use explicitly,DOC,M,harness_leg,RULE-D2-v1,yes,agency_instrumented,draft,added (operationalizes D OPEN),,restated
D3,D,Provenance completeness,Source lineage published (collection → processing → product),DOC,M,harness_leg,RULE-D3-v1,yes,agency_instrumented,draft,added (operationalizes D OPEN),,restated
D4,D,No dark data,Statutory products enumerable from a public inventory (data.gov/agency inventory current),AUTO,M,harness_leg,RULE-D4-v3,yes,public,draft,added (operationalizes D OPEN),,restated
E1,E,Verification vs validation split,Product spec conformance (AUTO/DOC set) reported separately from fit-for-use evals (EVAL set); a product cannot pass validation while failing verification,DOC,M,judged_reading,none,no,agency_instrumented,draft,"added (criterion E, skeleton line 88: 5b. Cross-cutting — the TEVV loop (the framework's structural gap; operator feedback already delivered to USAFacts))",,n/a (added criterion)
E2,E,Acceptance thresholds,"Published pass/fail thresholds per eval, pre-registered before results; threshold changes are versioned events",DOC,D,declaration,none,no,agency_instrumented,draft,"added (criterion E, skeleton line 88: 5b. Cross-cutting — the TEVV loop (the framework's structural gap; operator feedback already delivered to USAFacts))",,n/a (added criterion)
E3,E,Instrument versioning,Eval sets and rubrics carry versions; results never pooled across versions,DOC,M,judged_reading,none,no,agency_instrumented,draft,"added (criterion E, skeleton line 88: 5b. Cross-cutting — the TEVV loop (the framework's structural gap; operator feedback already delivered to USAFacts))",,n/a (added criterion)
E4,E,Contamination policy,Public eval sets have a held-out rotation; publication schedule assumes training-set leakage within one model generation,DOC,D,declaration,none,no,agency_instrumented,draft,"added (criterion E, skeleton line 88: 5b. Cross-cutting — the TEVV loop (the framework's structural gap; operator feedback already delivered to USAFacts))",,n/a (added criterion)
E5,E,Positive controls,"Seeded known-bad items (canaries/decoys) in every continuous-eval cycle; a cycle with zero fired controls is INVALID, not passing",AUTO,M,harness_leg,RULE-E5-v2,yes,public,draft,"added (criterion E, skeleton line 88: 5b. Cross-cutting — the TEVV loop (the framework's structural gap; operator feedback already delivered to USAFacts))",,n/a (added criterion)
E6,E,Failure attribution,Discrepancy taxonomy localizing failures to retrieval / vintage / metadata / model; each stage instrumented,EVAL,M,evaluation,none,no,paid,draft,"added (criterion E, skeleton line 88: 5b. Cross-cutting — the TEVV loop (the framework's structural gap; operator feedback already delivered to USAFacts))",,n/a (added criterion)
E7,E,Corrective-action closure,"Documented path from failed eval back into the data product (metadata fix, vintage pointer, dictionary entry) with re-test; mean-time-to-closure tracked",DOC,D,declaration,none,no,agency_instrumented,draft,"added (criterion E, skeleton line 88: 5b. Cross-cutting — the TEVV loop (the framework's structural gap; operator feedback already delivered to USAFacts))",,n/a (added criterion)
E8,E,Drift sentinels (golden questions),"Versioned golden question/answer sets re-run on schedule against the product surface; baseline deltas alarmed; state fidelity across product versions measured, not assumed",AUTO/EVAL,M,evaluation,none,no,paid,draft,"added (criterion E, skeleton line 88: 5b. Cross-cutting — the TEVV loop (the framework's structural gap; operator feedback already delivered to USAFacts))",,n/a (added criterion)
E9,E,Adversarial evaluation (red team),"Standing adversarial bank: vintage traps, confusable series, unit traps, DP-noise misreads, suppression probes; plus surface red team — misparse and injection resistance of pages/markup/llms.txt. Reported as break modes, not just pass rates",EVAL,M,evaluation,none,no,paid,draft,"added (criterion E, skeleton line 88: 5b. Cross-cutting — the TEVV loop (the framework's structural gap; operator feedback already delivered to USAFacts))","skeleton line 170: 11. **Red teaming (§5b E9)** — delivered feedback: the framework tests what works; it must also enumerate how products break, with a standing adversarial bank.",n/a (added criterion)
F1,F,Pre-release gates,"New releases pass a published expectation suite (schema validity, row/total sanity, identifier persistence) before going live",DOC,D,declaration,none,no,agency_instrumented,draft,"added (criterion F, skeleton line 106: 5c. Cross-cutting — release engineering (CI/CD for data; operator feedback already delivered to USAFacts))",,n/a (added criterion)
F2,F,Contract stability,API/schema changes are versioned; breaking changes announced with deprecation windows; compatibility checked mechanically,AUTO/DOC,O,open_tool,none,no,public,draft,"added (criterion F, skeleton line 106: 5c. Cross-cutting — release engineering (CI/CD for data; operator feedback already delivered to USAFacts))",,n/a (added criterion)
F3,F,Regression on vintage transition,"Time-series identifiers, geography codes, and endpoints survive a new vintage or a crosswalk is published; tested per release",AUTO,O,open_tool,none,no,public,draft,"added (criterion F, skeleton line 106: 5c. Cross-cutting — release engineering (CI/CD for data; operator feedback already delivered to USAFacts))",,n/a (added criterion)
F4,F,Change legibility,"Machine-readable changelog per release (what changed, why, revision class); webhooks/push for high-frequency products",AUTO,M,harness_leg,RULE-F4-v3,yes,public,draft,"added (criterion F, skeleton line 106: 5c. Cross-cutting — release engineering (CI/CD for data; operator feedback already delivered to USAFacts))",,n/a (added criterion)
F5,F,Staged rollout,Canary/staging surface for major product changes; AI-consumer regression run before promotion,DOC,D,declaration,none,no,agency_instrumented,draft,"added (criterion F, skeleton line 106: 5c. Cross-cutting — release engineering (CI/CD for data; operator feedback already delivered to USAFacts))",,n/a (added criterion)
F6,F,Release authenticity,"Signed releases / provenance attestations so downstream copies are traceable to the authoritative artifact (SLSA-class, adapted)",AUTO,O,open_tool,none,no,paid,`paid`-tier candidate,"added (criterion F, skeleton line 106: 5c. Cross-cutting — release engineering (CI/CD for data; operator feedback already delivered to USAFacts))",,n/a (added criterion)
G1-D,G,"Uncertainty legibility (two legs, scored as a vector)","**G1-D (declared)** — error measures (MOEs, CVs, DP noise parameters) present as structured fields beside the estimates on the product surface, not as footnotes (`assessment/harness/probes/g1_declared.py`); unchanged.",AUTO,M,harness_leg,RULE-G1-D-v1,yes,public,"v2 harness, frozen for the pilot (DD-036)","added (criterion G, skeleton line 119: 5d. FSS-derived constructs — generalizable beyond the statistical system)","skeleton line 167: 8. **Uncertainty legibility (§5d G1)** — in their guide, error and noise appear only as privacy safeguards (DP, suppression); no framework treats uncertainty as something the AI consumer must *preserve*. G1 supplies that: structured error measures (G1-D) plus an eval of whether AI restatements keep them (G1-O). || record `ind:G1-D.construct_restated`: uncertainty present for the human reader and absent from the markup || record `ind:G1-D.withdrawn_from`: host-level",n/a (added criterion)
G1-O,G,"Uncertainty legibility (two legs, scored as a vector)","**G1-O (observed)** — the family preservation rate (the L3+ share of scored qualifier families, D9) when the pinned consumer restates that same captured surface at indirect compression `none`, reported per surface with the `unparseable` share and the `short` / `tight` rates beside it, every record stamped with consumer, prompt epoch, `parser_version` and `scorer_version` (`g1_preservation.py`). The two legs are reported as a vector and are never composited (protocol §3). **No product-level PASS/PARTIAL/FAIL in v0.2.x:** the rate and its Wilson interval are the score until the January calibration run sets a boundary. Compression is a reported condition, not a scored one, until intended use says which condition the consumer of the assessment cares about",EVAL,M,judged_reading,none,no,paid,"v2 harness, frozen for the pilot (DD-036)","added (criterion G, skeleton line 119: 5d. FSS-derived constructs — generalizable beyond the statistical system)","skeleton line 167: 8. **Uncertainty legibility (§5d G1)** — in their guide, error and noise appear only as privacy safeguards (DP, suppression); no framework treats uncertainty as something the AI consumer must *preserve*. G1 supplies that: structured error measures (G1-D) plus an eval of whether AI restatements keep them (G1-O).",n/a (added criterion)
G2,G,Revision semantics,"Revision status machine-readable per value (preliminary/revised/final/benchmark), with scheduled-revision dates; EVAL: vintage disambiguation (ties C3)",DOC + EVAL,M,evaluation,none,no,agency_instrumented,draft,"added (criterion G, skeleton line 119: 5d. FSS-derived constructs — generalizable beyond the statistical system)",,n/a (added criterion)
G3,G,Classification/vintage identity,"Stable series IDs; machine-readable crosswalks when classifications or geographies change (industry codes, boundary revisions)",AUTO/DOC,unassigned,,none,no,public,draft,"added (criterion G, skeleton line 119: 5d. FSS-derived constructs — generalizable beyond the statistical system)",,n/a (added criterion)
G4,G,Authority metadata,"The issuing authority of a data product is carried as machine-readable metadata on the product, in the fields DCAT-US defines (`publisher`, `bureauCode`, `programCode`)",DOC,M,harness_leg,RULE-G4-v1,yes,agency_instrumented,draft,"added (criterion G, skeleton line 119: 5d. FSS-derived constructs — generalizable beyond the statistical system)",,n/a (added criterion)
G5,G,Disclosure semantics,Suppression and disclosure-avoidance documented machine-readably with unique identifiers (strengthens the guide's own bullet from prose to spec),DOC,unassigned,,none,no,agency_instrumented,draft,"added (criterion G, skeleton line 119: 5d. FSS-derived constructs — generalizable beyond the statistical system)",,n/a (added criterion)
G6,G,Measurement-protocol provenance,Collection instrument/protocol carried as a versioned epoch on the series; changes annotated machine-readably with reason and inter-epoch crosswalk (SDMX break-in-series class metadata). The consumer-side test: an AI system asked to compare values across a break must surface the break,DOC + EVAL,M,judged_reading,none,no,agency_instrumented,draft,"added (criterion G, skeleton line 119: 5d. FSS-derived constructs — generalizable beyond the statistical system)",skeleton line 169: 10. **Protocol as contract (§5d G6)** — delivered feedback: measurement-protocol epochs with machine-readable breaks and reasons; SDMX + ODCS give it standards footing.,n/a (added criterion)
