body,name,A,B,C,D,E,F,G,hierarchical_score,rank,of,rank_rests_on_leg,rank_if_leg_reversed,access_denials,findings
BEA,Bureau of Economic Analysis,4/7,1/3,,0/1,,,,0.302,4,13,D2,1,,
BJS,Bureau of Justice Statistics,3/6,0/3,,0/1,,,,0.167,7,13,A10,13,,
BLS,Bureau of Labor Statistics,,,,,,,,,,,,,43,43
BTS,Bureau of Transportation Statistics,,,,,,,,,,,,,43,43
CENSUS,Bureau of the Census,4/6,0/3,,0/1,,,,0.222,5,13,D2,1,,
DRSMSU,"Division of Research and Statistics, Microeconomic Surveys Unit",3/3,0/3,,,,,,0.500,1,13,A10,2,,
EIA,Energy Information Administration,4/4,,,0/1,,,,0.500,1,13,A10,2,,
ERS,Economic Research Service,3/6,0/3,,0/1,,,,0.167,7,13,A10,13,,
NAHMSAPHIS,"National Animal Health Monitoring System, Animal and Plant Health Inspection Service",1/3,0/3,,,,,,0.167,7,13,A10,13,,
NASS,National Agricultural Statistics Service,3/6,0/3,,0/1,,,,0.167,7,13,A10,13,,
NCES,National Center for Education Statistics,4/7,0/3,,0/1,,,,0.190,6,13,A10,12,,
NCHS,National Center for Health Statistics,1/4,0/3,,,,,,0.125,13,13,A10,5,,
NCSES,National Center for Science and Engineering Statistics,4/6,1/3,,0/1,,,,0.333,3,13,D2,1,,
ORES,"Office of Research, Evaluation, and Statistics",,,,,,,,,,,,,43,43
SAMHSACBHS,"Substance Abuse and Mental Health Services Administration, Center for Behavioral Health Statistics and Quality",1/3,0/2,,,,,,0.167,7,13,A10,13,,
SOI,Statistics of Income,1/3,0/3,,,,,,0.167,7,13,A10,13,,
