effort_level,value_rating,n,row_ids,reason
1,1,0,,
1,2,0,,
1,3,0,,
1,4,0,,
1,5,0,,
2,1,0,,
2,2,5,act:d2-declare-ai-training-and-input-terms-in-robots-txt;act:d2-use-only-the-defined-content-signal-categories;act:d3-name-the-generating-activity-in-the-catalog-record;act:f4-carry-a-revision-class-on-every-changelog-entry;act:g4-carry-bureau-and-program-codes-on-the-record,
2,3,14,act:a8-declare-the-product-vintage-in-the-markup;act:a8-publish-a-release-date-for-the-product;act:b1-link-the-data-dictionary-from-the-catalog-record;act:b1-list-the-variables-measured-in-the-page-markup;act:b2-give-each-defined-term-a-code-set-and-definition;act:b2-link-defined-terms-from-the-variables;act:b2-publish-concept-definitions-as-defined-terms;act:b3-link-the-methodology-from-the-product-page;act:b4-publish-quality-measurements-as-metadata;act:b4-state-what-changed-from-the-previous-version;act:b5-name-the-set-each-term-code-belongs-to;act:d1-publish-a-machine-readable-licence;act:d1-state-the-licence-as-an-identifier;act:g1d-publish-the-error-measure-as-a-structured-field,
2,4,6,act:a5-list-the-product-url-in-the-sitemap;act:a6-embed-json-ld-on-the-product-page;act:a6-make-the-dataset-markup-conform-to-the-profile;act:a6-type-the-product-page-as-a-dataset;act:d4-add-the-product-to-the-public-data-inventory;act:d4-make-the-catalog-conform-to-dcat-us,
2,5,4,act:a11-permit-the-ai-crawlers-you-intend-to-serve-on-the-product-path;act:a11-resolve-the-meta-robots-directive-that-contradicts-robots-txt;act:a12-publish-a-robots-txt-group-an-identified-client-matches;act:a4-allow-the-data-paths-for-named-ai-crawlers,
3,1,1,named:llms-txt,
3,2,6,act:a11-declare-a-crawler-policy-for-the-product-path;act:a4-serve-a-robots-txt-that-names-ai-crawlers;act:d3-publish-the-products-record-with-its-lineage;act:f4-publish-a-version-history-endpoint;act:f4-serve-the-changelog-in-a-machine-readable-format;act:g4-publish-the-products-record-with-its-authority-codes,
3,3,7,act:a9-publish-a-machine-first-entry-point;act:b1-publish-the-products-record-with-its-data-dictionary;act:b3-publish-a-methodology-document-reachable-from-the-product;act:b3-publish-the-methodology-in-structured-text;act:b4-publish-the-products-record-with-quality-metadata;act:b5-code-the-bodys-concepts-in-one-term-set;act:b5-use-one-identifier-per-concept,
3,4,6,act:a2-serve-a-parseable-api-description-at-the-documented-path;act:a3-add-a-whole-product-download-beside-the-query-builder;act:a3-link-a-bulk-download-from-the-product-page;act:a3-publish-the-complete-file-not-a-sample;act:a5-publish-a-sitemap-and-point-robots-txt-at-it;act:d4-publish-a-data-json-inventory,
3,5,1,act:a1-publish-a-structured-distribution,
4,1,0,,
4,2,0,,
4,3,4,act:a8-make-the-latest-pointer-resolve;act:a8-serve-a-stable-latest-url-on-the-product-host;act:a9-return-a-machine-format-at-the-machine-path;act:b3-serve-the-methodology-without-javascript,
4,4,0,,
4,5,6,act:a1-serve-the-data-files-with-their-own-media-type;act:a10-make-the-product-deep-link-resolve;act:a10-return-a-real-status-for-routes-that-do-not-exist;act:a10-serve-the-product-content-before-javascript-runs;act:a12-align-the-edge-with-the-declaration;act:a12-serve-robots-txt-to-every-client,
5,1,0,,
5,2,0,,
5,3,0,,
5,4,0,,
5,5,0,,
TBD,4,1,act:a2-expose-an-api-and-publish-its-description,"effort TBD (staffing 5, cost TBD: notional_record (notional:technique_class:expose_api, task 2026-09-17_notional_bands; notional:technique_class:expose_api, task 2026-09-17_notional_bands); cost: procurement is open above, no source sizes it)"
2,TBD,1,act:e5-fire-every-declared-control-before-the-first-host,value TBD (a harness-side control; it changes nothing the publisher serves)
2,TBD,1,act:e5-investigate-the-control-verdict-that-moved,value TBD (a harness-side control; it changes nothing the publisher serves)
2,TBD,1,act:e5-order-the-controls-before-the-surfaces,value TBD (a harness-side control; it changes nothing the publisher serves)
