unlocked_by,who_can_run,method_kinds,n_rows,n_indicators,indicators,n_unmeasured,unmeasured_indicators
pre:vintage-disambiguation-set,needs_standard,roll_your_own,2,2,C3;G2,2,C3;G2
tool:wayback-cdx-server,public_outside_in,roll_your_own,2,2,A7;F3,2,A7;F3
enabler:bing-webmaster-tools,agency_enabled,tool_commercial,2,2,A11;C4,1,C4
enabler:web-analytics,agency_enabled,tool_commercial,1,1,C4,1,C4
method:B6:wcag_reading_level,public_outside_in,roll_your_own,1,1,B6,1,B6
method:G3:sdmx_structure_map,public_outside_in,roll_your_own,1,1,G3,1,G3
method:G5:sdmx_conf_status,public_outside_in,roll_your_own,1,1,G5,1,G5
pre:adversarial-bank,needs_standard,roll_your_own,1,1,E9,1,E9
pre:entailment-probe-set,needs_standard,roll_your_own,1,1,C2,1,C2
pre:eval-failure-closure-records,agency_records,roll_your_own,1,1,E7,1,E7
pre:evaluation-set-version-records,agency_records,roll_your_own,1,1,E3,1,E3
pre:generative-engine-query-set+tool:perplexity-ai,needs_standard,tool_commercial,1,1,C4,1,C4
pre:held-out-rotation-records,agency_records,roll_your_own,1,1,E4,1,E4
pre:product-question-benchmark,needs_standard,roll_your_own,1,1,C1,1,C1
pre:product-question-benchmark+pre:second-evaluation-run,needs_standard,roll_your_own,1,1,E8,1,E8
pre:product-question-benchmark+pre:vintage-disambiguation-set,needs_standard,roll_your_own,1,1,E6,1,E6
pre:published-conformance-and-evaluation-report,agency_records,roll_your_own,1,1,E1,1,E1
pre:release-validation-records,agency_records,roll_your_own,1,1,F1,1,F1
pre:second-scan-cycle+tool:oasdiff,public_outside_in,tool_open_source,1,1,F2,1,F2
pre:series-break-cases,needs_standard,roll_your_own,1,1,G6,1,G6
pre:staging-regression-records,agency_records,roll_your_own,1,1,F5,1,F5
pre:threshold-preregistration-records,agency_records,roll_your_own,1,1,E2,1,E2
tool:aidrin,public_outside_in,tool_open_source,1,1,C5,1,C5
tool:slsa-verifier,public_outside_in,tool_open_source,1,1,F6,1,F6
enabler:google-search-console,agency_enabled,tool_commercial,3,3,A5;A6;A11,0,
enabler:cloudflare-ai-crawl-control,agency_enabled,tool_commercial,2,2,A11;A12,0,
enabler:akamai-datastream-2,agency_enabled,tool_commercial,1,1,A11,0,
enabler:server-logs,agency_records,roll_your_own,1,1,A11,0,
method:D3:prov_walk,public_outside_in,roll_your_own,1,1,D3,0,
pre:second-scan-cycle,public_outside_in,built_rule,1,1,B5,0,
tool:catalog-data-gov-ckan-api,public_outside_in,roll_your_own,1,1,D4,0,
tool:extruct,public_outside_in,tool_open_source,1,1,A6,0,
tool:openapi-spec-validator,public_outside_in,tool_open_source,1,1,A2,0,
tool:prance,public_outside_in,tool_open_source,1,1,A2,0,
tool:scrapy,public_outside_in,tool_open_source,1,1,A5,0,
tool:ultimate-sitemap-parser,public_outside_in,tool_open_source,1,1,A5,0,
