n,term,footnote,definition,char_start,char_end
1,AI-ready data,80,"Data that is not just machine-readable, but machine-understandable; data that is enriched with contextual metadata and organized in interpretable standard formats for utilization by AI systems.",131472,131688
2,Apache Parquet,81,"Also known as Parquet, this is an open source and language agnostic file format that enables efficient data compression and encoding. Parquet stores any form of data (including tabular data, images, documents, or other complex data) in a columnar format. This is more efficient for querying and aggregation than row-based files like CSV and can be especially useful for large data files, as are often used in AI model training.",131688,132141
3,Application Program Interface (API),82,An intermediary that enables two software applications to communicate with each other using a set of definitions and protocols. This also allows an entity to share data with external users while also maintaining security and control over the entity’s data.,132141,132442
4,Artificial intelligence (AI),83,"Refers to actions that mimic human intelligence displayed by machines and to the study of this form of intelligence. AI consists of computer programs that are built to adaptively update and enhance their own performance over time. They are often used to process, analyze, and recognize patterns in large datasets, and they use those patterns to get better at completing tasks and/or solving problems.",132442,133546
5,Artificial intelligence and machine learning (AI/ML) systems,84,"Systems which operate with varying levels of autonomy and–depending on their underlying structure–generate some output for a given set of objectives. These may have varying objectives and output, including decision-making, providing recommendations, translating content, and the generation of synthetic media.",133546,133926
6,Artificial intelligence and machine learning (AI/ML) model training,85,"The process by which a model’s parameters are optimized relative to some objective; these parameters determine how the model generates input data into output. For large language models (see: “large language models” below) and other generative AI models (see: “generative artificial intelligence systems” below), such training at the onset of model development is referred to as “pre-training”. Then, further training on a pre-trained model is frequently referred to as “fine-tuning”.",133926,134489
7,Authoritative data,86,"A recognized or official data source with a designated mission statement, source, or product to publish reliable and accurate data for subsequent use by customers. An authoritative data source may be the functional combination of multiple separate data sources.",134489,134778
8,Benchmarking datasets,87,"Benchmarking is a common practice in AI/ML where one or more methods are compared in their ability to learn patterns in some reference test dataset. These reference datasets, or “benchmarking datasets”, are often one of the first ways that new models are evaluated.",134778,135075
9,Comma Separated Values (CSV) file format,88,A comma-delimited file used to represent rectangular arrays of numerical and/or text values in a flat format.,135075,135888
10,Commerce data,89,"Refers to information collected, stored, and analyzed by the U.S. Department of Commerce. This data encompasses various aspects of the nation's economy, population, and environment, and is used to support economic growth, job creation, and business innovation.",135888,136171
11,Crawlable,90,"The state or condition of a website or specific web content of being easily discovered and indexed by search engine bots, also known as crawlers or spiders. If a website is crawlable, crawlers can easily navigate through its content, with its pages and resources being easily accessed as well.",136171,136484
12,Croissant vocabulary,91,"An extension to the widely-used schema.org Dataset vocabulary (see: “schema.org metadata standard” below) to describe dataset attributes, resources they contain, and their structure and semantics using JSON-LD (see: “JavaScript Object Notation for Linked Data” below) to better streamline their usage for AI/ML (see: “Artificial intelligence and machine learning (AI/ML) systems” above) model training in particular.",136484,136933
13,Data,92,"Characteristics or information, usually numerical, that are collected through observation.",136933,137035
14,Data catalog,93,An index of datasets that describe the location and content of several datasets wherever they are stored using metadata.,137035,138206
15,Data dictionary,94,"A document outlining by-variable technical metadata (structure, content, and meaning) for all variables in a dataset. Also sometimes referred to as a codebook.",138206,138390
16,Data integrity,95,"The assurance that data is accurate, complete, and consistent at any point in its lifecycle. Maintaining data integrity involves safeguarding data against loss, leaks, and corruption.",138390,138596
17,Dataset provenance,96,A documented trail describing both the origin of a dataset and any changes in ownership or custody to where it is currently. Also sometimes referred to as data lineage.,138596,138791
18,Data quality,97,"The degree to which the characteristics of data satisfy stated and implied needs when used under specified conditions. For example, the International Monetary Fund (IMF) uses the following dimensions to measure data quality: integrity, methodological soundness, accuracy and reliability, serviceability, and accessibility.",138791,139136
19,Data Catalog Vocabulary (DCAT),98,"An international specification established and maintained by the World Wide Web Consortium (W3C; see: “World Wide Web Consortium” below) to facilitate interoperability between data catalogs (see: “data catalog”, above) published on the Internet.",139136,139421
20,Data Catalog Vocabulary- United States (DCAT-US),99,"A metadata standard for the United States data ecosystem that builds on the international DCAT vocabulary (see: “Data Catalog Vocabulary”, above).",139421,140395
21,Derived data,100,"Data that are the result of analyses, aggregations, and other calculations on raw data.",140395,140505
22,Digital signature,101,"The result of a cryptographic transformation of data that, when properly implemented, provides a mechanism for verifying origin authentication, data integrity, and signatory non-repudiation",140505,140722
23,Documentation,102,"Collection of documents on a given subject; written or pictorial information describing, defining, specifying, reporting, or certifying activities, requirements, procedures, or results",140722,140931
24,Few-shot learning,103,"A machine learning framework where a very small number of labeled examples are used to train artificial intelligence models, usually due to data scarcity.",140931,141113
25,"Findable, Accessible, Interoperable, and Reusable (FAIR) data principles",104,"A set of principles, first published in 2016, that place specific emphasis on improving machine and automated systems’ ability to find and use data in addition to supporting data reuse by individuals.",141113,141396
26,Generative artificial intelligence (AI) system,105,An AI system with the objective of generating synthetic media. The most common such system in current use are large language models (see “large language models” for definition below).,141396,142790
27,Hierarchical data,106,Data presented in a multi-level tree-based structure with parent and child nodes,142790,142898
28,Human-readable data,107,"Data in a format that can be conveniently read by a human. The data is easily interpreted by humans, and typically includes clear and descriptive labels. For example, a human-readable label might say ""Total Population"", which is straightforward and easily understood. In contrast, non-human-readable data could look like ""TP_POP_01"", which requires knowledge of the specific coding system used.",142898,143325
29,JavaScript Object Notation (JSON) format,108,"A lightweight, text-based, human-readable data interchange format that provides a simple notation for expressing objects, name-value pairs, arrays, and ordered lists of values.",143325,143552
30,JavaScript Object Notation for Linked Data (JSON-LD),109,"a lightweight, human-readable format to encode linked data using JSON (see “JSON”, above).",143552,143704
31,Large language models (LLMs),110,One type of generative artificial intelligence system that generates synthetic text in response to a user’s questions or natural language prompts on a particular topic.,143704,143911
32,Machine learning,111,A branch of artificial intelligence that focuses on the development of systems capable of learning from data to perform a task without being explicitly programmed to perform that task. Learning refers to the process of optimizing model parameters through computational techniques such that the model’s behavior is optimized for the training task,143911,145037
33,Machine-readable data,112,Data that is easily processed without loss of semantic meaning by a computer alone. readable formats are generally long-form and less structured,145037,145597
34,Machine-understandable,113,"Data that has been appropriately processed and contextualized such that, alongside supporting documentation and metadata, it is understandable and usable by a machine, with the necessary contextual understanding needed to effectively interpret and derive meaningful patterns.",145597,145906
35,Metadata,114,"Structured information about an information resource that helps retrieve, use, or manage that resource.",145906,146577
36,Open data,115,"Data that are freely available for reuse/secondary data analysis. The “openness” of data can be viewed and treated differently based on a spectrum of openness ranging from being highly restricted (as in the case of personal health information) to being freely available data that are usable. In general, open data follows the FAIR principles (see “Findable, Accessible, Interoperable, and Reusable (FAIR) data principles” above).",146577,147028
37,Open-source software,116,"One form or software development where source code is made freely and publicly available and can be accessed, used, modified, or further shared by any entity.",147028,147216
38,Portable Document Format (PDF),117,A general document representation language originally designed by Adobe Systems Incorporated and used to represent formatted and page-oriented documents.,147216,147411
39,RESTful API,118,"An API (see “Application Program Interface” above) that follows the Representational State Transfer (REST) protocol, which defines a set of constraints for how the architecture of systems like the Web should behave.",147411,147648
40,Raw data,119,"Data collected directly from instruments such as sensors, surveys, and other devices or sources such as administrative records that have undergone minimal processing",147648,147832
41,Robots.txt file,120,An optional file which specifies which URLs web crawlers (see: “web crawlers” below) can access on a given website.,147832,148972
42,schema.org metadata standard,121,"A set of standard and extensible vocabularies to better structure data on the Internet and for email messages. Schema.org was an initiative originally started by major search engines, and the schema.org website continues to publish these evolving standards.",148972,149269
43,Sitemap,122,"Sitemaps tell search engines what URLs are on a website, and, if URLs are added as they are published, they tell the engines what new content needs to be picked up. They may also provide additional metadata about each URL, such as the last modified date, which signals to the engine to update the index record for that page.",149269,150023
44,Version control,124,A system to record changes to a resource or set of resources so data users can understand how a dataset has changed over time.,150023,150175
45,Web crawler,125,"A software application that performs web scraping, which is the primary mechanism that search engines find and organize content online and is also used for internet data gathering. Besides crawlers, applications that perform web scraping are also frequently referred to as bots or spiders as well.",150175,150496
46,World Wide Web Consortium (W3C),126,"An international, public-interest, and no-profit organization that works to develop Web standards.",150496,150635
47,Extensible Markup Language (XML),127,A simple and flexible text-based markup language and file format that is primarily used for metadata embedded into digital content files or to list digital content.,150635,150842
48,XML Format Spreadsheet (.XLSX) files,128,An Open Office XML-based (see: “Extensible Markup Language” above) spreadsheet format used by default for new Microsoft Excel documents since Excel 2007.,150842,151043
49,ZIP,129,"A widely used cross-platform format supporting lossless compression, and allows for compression of multiple files at once into an archive. Archives include a directory that can load contained files without opening them, which enables users to identify and only extract relevant data without accessing the entire ZIP archive.",151043,152218
