fss_doc_id,title,source_type,agency,source_url,fss_sha256,matched_by,airkg_doc_id,airkg_decision,screen,clause,screen_reason
acdeb_final_report_2022,"Advisory Committee on Data for Evidence Building (ACDEB): Year 2 Report (Final, Oct 2022)",advisory,ACDEB (BEA-staffed; advises OMB),https://www.bea.gov/evidence,91653aa02cfdc86030336e40f6a1edabd23d44813f3d747a7eac209d5f7afb3b,,,,include_candidate,R1,ACDEB Year 2: metadata (18 segments) and discoverability (4) of federal data for evidence building; err inclusive per R1.
advancing_american_ai_act_2022,"Advancing American AI Act (enacted as Division G, Title LXXII, Subtitle B of the James M. Inhofe NDAA FY2023)",statute,govwide,https://www.govinfo.gov/app/details/PLAW-117publ263,9e5d37dfa7d1282073c16f3dde21978078f62f58f9db36f4828e270e02de933f,primary_url,advancing-american-ai-act-ndaa-fy2023-div-g,included,,,
ai_in_government_act_2020,"AI in Government Act of 2020 (enacted as Division U, Title I of the Consolidated Appropriations Act, 2021)",statute,govwide,https://www.govinfo.gov/app/details/PLAW-116publ260,32285d91badb98bb2df445ab0e56a3b4ce60225350f694fc03a0e1678cfef1f5,primary_url,ai-in-government-act-of-2020,included,,,
americas_ai_action_plan_2025,Winning the Race: America's AI Action Plan (July 2025),omb_guidance,EOP/White House,https://www.whitehouse.gov/releases/2025/07/white-house-unveils-americas-ai-action-plan/,91d56ab3ddefe43f395bde31e1c3923fb37f47091275aaf2a0d7da500ff547f4,primary_url,winning-the-race-america-s-ai-action-plan,included,,,
analytical_perspectives_leveraging_fedstats,Analytical Perspectives — 'Leveraging Federal Statistics to Strengthen Evidence-Based Decision-Making' (annual chapter),omb_guidance,OMB,https://www.whitehouse.gov/omb/information-resources/budget/analytical-perspectives/,,,,,off_topic,,"OMB guidance whose subject is statistical administration, privacy, quality or budget, not machine consumption"
bea_22_3104,BEA confidentiality — 22 U.S.C. 3104 (International Investment and Trade in Services Survey Act),enabling_statute,bea,https://uscode.house.gov/view.xhtml?req=granuleid:USC-prelim-title22-section3104&num=0&edition=prelim,1d2d054d795500c1d46fa1f19b7d49f0cc8554e6ab6230832d13d66ab7d9921c,,,,off_topic,,"agency enabling or confidentiality statute; subject is collection authority and confidentiality, not machine consumption of published data"
bea_rfs_mlmu25,America's DataHub RFS (Topic MLMU-25): Measuring Large Language Model Understanding of Federal Statistical Data,framework,bea,https://www.americasdatahub.org/wp-content/uploads/2025/06/ATT-1_Topic_MLMU-25.pdf,06438cb775a1e7516357324b79579ab8f7ae6a149987a2c1e3738abebcb94543,primary_url,datahub-mlmu-25,included,,,
bjs_title34,BJS enabling statute — 34 U.S.C. 10131 et seq.,enabling_statute,bjs,https://uscode.house.gov/view.xhtml?path=/prelim@title34/subtitle1/chapter101&edition=prelim,2fa4d130b9a7ec59ef87fc57b5fa04dc5c103e23dc73123066a3b859610aa707,,,,off_topic,,"agency enabling or confidentiality statute; subject is collection authority and confidentiality, not machine consumption of published data"
bls_title29,BLS enabling statute — 29 U.S.C. ch. 1 (Labor Statistics),enabling_statute,bls,https://uscode.house.gov/view.xhtml?path=%2Fprelim%40title29%2Fchapter1&edition=prelim,,,,,off_topic,,"agency enabling or confidentiality statute; subject is collection authority and confidentiality, not machine consumption of published data"
cbsa_bulletins_historical_collection,Historical OMB CBSA/MSA Delineation Bulletins (2003-2020 collection),bulletin,OMB,https://www.census.gov/programs-surveys/metro-micro/about/omb-bulletins.html,,,,,off_topic,,metropolitan-area delineation bulletin
census_sqs_d3,Census Bureau Statistical Quality Standards — Standard D3: Producing Measures and Indicators of Nonsampling Error,framework,census,https://www.census.gov/about/policies/quality/standards/standardd3.html,fdea445b547092799357361c7b9bfe66416920e5309e0bb570a5dfe8e0771a65,primary_url,census-bureau-statistical-quality-standards-standard-d3-prod,included,,,
census_sqs_f1,Census Bureau Statistical Quality Standards — Standard F1: Releasing Information Products,framework,census,https://www.census.gov/about/policies/quality/standards/standardf1.html,fea76f2717d5cd03054f0d30625c4d1c441cf4d646d1da7b051c514c2a94433f,primary_url,census-bureau-statistical-quality-standards-standard-f1-rele,included,,,
census_sqs_f2,Census Bureau Statistical Quality Standards — Standard F2: Providing Documentation to Support Transparency in Information Products,framework,census,https://www.census.gov/about/policies/quality/standards/standardf2.html,dd7b0e58b01f54d6a39e904eba04cf3174703b76292ec06d35bec560c6069255,primary_url,census-bureau-statistical-quality-standards-standard-f2-prov,included,,,
census_title13,Title 13 U.S.C. — Census (confidentiality),enabling_statute,census,https://uscode.house.gov/view.xhtml?path=%2Fprelim%40title13&edition=prelim,0a36311487a5e6ffd2517d6ba70bd4afebbc382c23239c2fb7ed312f3b6d1005,,,,off_topic,,"agency enabling or confidentiality statute; subject is collection authority and confidentiality, not machine consumption of published data"
cep_final_report_2017,The Promise of Evidence-Based Policymaking — Report of the Commission on Evidence-Based Policymaking (2017),advisory,Commission on Evidence-Based Policymaking (CEP),https://www.cep.gov/cep-final-report.html,,,,,off_topic,,Commission report on evidence-based policymaking infrastructure
chips_science_2022,"CHIPS and Science Act of 2022 (statistical provisions, sec. 10375)",statute,govwide,https://www.govinfo.gov/app/details/PLAW-117publ167,d54282d575a016ea573ddffe5a40177362a3088720582ab750f15a5cd0ae3e65,,,,off_topic,,statute whose subject is not making published data machine-consumable
cipsea_2002_implementation_guidance,Implementation Guidance for Title V of the E-Government Act (CIPSEA 2002),omb_guidance,OMB,https://www.federalregister.gov/documents/2007/06/15/E7-11542/implementation-guidance-for-title-v-of-the-e-government-act-confidential-information-protection-and,5af207f6dbc27aa75f4494c2a779e46bc77caea3f359b23492f0111c00dcadaf,,,,off_topic,,"OMB guidance whose subject is statistical administration, privacy, quality or budget, not machine consumption"
cipsea_2018,Confidential Information Protection and Statistical Efficiency Act of 2018 (CIPSEA 2018),statute,govwide,https://www.govinfo.gov/app/details/PLAW-115publ435,9a9869d01c9a078376bd8e701b7657449f17e921036d6b24d7b03bb0c255c27e,primary_url,foundations-for-evidence-based-policymaking-act-of-2018-evid,included,,,
cipsea_2018_uslm,"CIPSEA 2018 — 44 U.S.C. 3561-3583 (codified, current)",statute,govwide,https://uscode.house.gov/view.xhtml?path=/prelim@title44/chapter35/subchapter3&edition=prelim,644df66d72318403dfc03fc281f2834b22743d0090a4ec349f8b481ae3008992,,,,excluded_by_rule,R5,"codified CIPSEA 2018 is Title III of the Evidence Act, which this corpus holds as foundations-for-evidence-based-policymaking-act-of-2018-evid; same text at a different extent, not fetched again."
cnstat_pp_7th_2021,"Principles and Practices for a Federal Statistical Agency, Seventh Edition (2021)",cnstat,CNSTAT,https://www.ncbi.nlm.nih.gov/books/NBK573381/,,,,,off_topic,,"CNSTAT principles for a statistical agency; general practice, not machine consumption of published data"
cnstat_pp_8th_2024,"Principles and Practices for a Federal Statistical Agency, Eighth Edition (2024)",cnstat,CNSTAT,https://nap.nationalacademies.org/catalog/27934/principles-and-practices-for-a-federal-statistical-agency-eighth-edition,,,,,off_topic,,"CNSTAT principles for a statistical agency; general practice, not machine consumption of published data"
doc_genai_open_data_2025,"Generative Artificial Intelligence and Open Data: Guidelines and Best Practices (Department of Commerce, 2025)",framework,DOC (Office of the Chief Data Officer / Commerce Data Governance Board),https://www.commerce.gov/news/blog/2025/01/generative-artificial-intelligence-and-open-data-guidelines-and-best-practices,87068818f5c4c86f1a211cd2375738646ed586c0ca7211d5bd9604636493bd91,primary_url,generative-ai-and-open-data-guidelines-and-best-practices-de,included,,,
eia_title15,EIA enabling statute (energy information),enabling_statute,eia,https://uscode.house.gov/view.xhtml?path=/prelim@title15/chapter16B/subchapter2&edition=prelim,,,,,off_topic,,"agency enabling or confidentiality statute; subject is collection authority and confidentiality, not machine consumption of published data"
eo_13859,Executive Order 13859: Maintaining American Leadership in Artificial Intelligence,executive_order,EOP/President,https://www.federalregister.gov/documents/2019/02/14/2019-02544/maintaining-american-leadership-in-artificial-intelligence,49faaba43e2e92bc2aea1d8a0eed6a8a490e1792e6ee010134c0194fb55b0672,primary_url,executive-order-13859-maintaining-american-leadership-in-ai,included,,,
eo_13960,Executive Order 13960: Promoting the Use of Trustworthy Artificial Intelligence in the Federal Government,executive_order,EOP/President,https://www.federalregister.gov/documents/2020/12/08/2020-27065/promoting-the-use-of-trustworthy-artificial-intelligence-in-the-federal-government,806dd5f22488f28f063bf06eae6f3f0480d40baf263bbe7e11721c01a265e5af,primary_url,executive-order-13960-promoting-the-use-of-trustworthy-ai-in,included,,,
eo_14110,"Executive Order 14110: Safe, Secure, and Trustworthy Development and Use of Artificial Intelligence",executive_order,EOP/President,https://www.federalregister.gov/documents/2023/11/01/2023-24283/safe-secure-and-trustworthy-development-and-use-of-artificial-intelligence,46739dfc1af256961458d3b73fa4d6f4b447b38eaa72efd80966463818be68ab,primary_url,executive-order-14110-safe-secure-and-trustworthy-developmen,included,,,
eo_14179,Executive Order 14179: Removing Barriers to American Leadership in Artificial Intelligence,executive_order,EOP/President,https://www.federalregister.gov/documents/2025/01/31/2025-02172/removing-barriers-to-american-leadership-in-artificial-intelligence,332b46f8cf4f4e7ed120a8092f14389640ada7538c65debc6fb3733298a5959e,primary_url,executive-order-14179-removing-barriers-to-american-leadersh,included,,,
eo_14319,Executive Order 14319: Preventing Woke AI in the Federal Government,executive_order,EOP/President,https://www.federalregister.gov/documents/2025/07/28/2025-14217/preventing-woke-ai-in-the-federal-government,393cbe199b094c24ac70a53c18cfe6fdb18e07c21456af492e24628980c98667,primary_url,executive-order-14319-preventing-woke-ai-in-the-federal-gove,included,,,
eo_14363,Executive Order 14363: Launching the Genesis Mission,executive_order,EOP/President,https://www.federalregister.gov/documents/2025/11/28/2025-21665/launching-the-genesis-mission,95c1d2558fb15337f9667eaf02db5044c71eff35dad49ac75476d1b99c73986b,,,,include_candidate,R1,"Genesis Mission: directs identifying federal data and model assets for AI use ""including digitization, standardization, metadata, and provenance tracking"" (s34); err inclusive per R1."
eo_14365,Executive Order 14365: Ensuring a National Policy Framework for Artificial Intelligence,executive_order,EOP/President,https://www.federalregister.gov/documents/2025/12/16/2025-23092/ensuring-a-national-policy-framework-for-artificial-intelligence,5a557f9a153f1f40c7bd885b660ed81f1b26d55a6363b778943dfaa65565e0cb,,,,off_topic,,"AI policy executive order with no data-publication subject (0 machine-readable, metadata or open-data segments)"
eo_14409,Executive Order 14409: Promoting Advanced Artificial Intelligence Innovation and Security,executive_order,EOP/President,https://www.federalregister.gov/documents/2026/06/05/2026-11415/promoting-advanced-artificial-intelligence-innovation-and-security,4a25c970947e7234f1a4308aca6aba62f327ac956de7caa41204c84f7f2cdcd9,,,,off_topic,,"AI policy executive order with no data-publication subject (0 machine-readable, metadata or open-data segments)"
evidence_act_2018,Foundations for Evidence-Based Policymaking Act of 2018 (Evidence Act),statute,govwide,https://www.govinfo.gov/app/details/PLAW-115publ435,9a9869d01c9a078376bd8e701b7657449f17e921036d6b24d7b03bb0c255c27e,primary_url,foundations-for-evidence-based-policymaking-act-of-2018-evid,included,,,
fcsm_19_01,FCSM 19-01: Transparent Reporting for Integrated Data Quality — Practices of Seven Federal Statistical Agencies,fcsm_wp,FCSM,https://statspolicy.gov/FCSM/resources/statistical-policy-working-papers/,0a1cfc211362b0d5008075c6444b8067de6360e882f54e6d9de26ce6b32077c5,primary_url,fcsm-19-01-transparent-reporting-for-integrated-data-quality,included,,,
fcsm_20_02,FCSM 20-02: A Systematic Review of Nonresponse Bias Studies in Federally Sponsored Surveys,fcsm_wp,FCSM,https://statspolicy.gov/FCSM/resources/statistical-policy-working-papers/,9f3340f03cfb2a71bffd5ac419c713ab86f2076bff40d366e623c2217c6216b3,,,,off_topic,,"FCSM methodology working paper (survey error, disclosure limitation, matching, response rates)"
fcsm_20_04,FCSM 20-04: A Framework for Data Quality,fcsm_wp,FCSM,https://statspolicy.gov/FCSM/resources/statistical-policy-working-papers/,aa75fa223354661db30abbdf8cdb3852505b6dcdab8f07ef829ecec2b2d7aecf,primary_url,fcsm-20-04-a-framework-for-data-quality,included,,,
fcsm_23_02,FCSM 23-02: A Framework for Data Quality: Case Studies,fcsm_wp,FCSM,https://statspolicy.gov/FCSM/resources/statistical-policy-working-papers/,8e8abe1cda4b5544652b79392b23631e699552c9a7109eb2123286dfd798226b,primary_url,fcsm-23-02-a-framework-for-data-quality-case-studies,included,,,
fcsm_25_01,FCSM 25-01: Rural Definitions and Measurement,fcsm_wp,FCSM,https://statspolicy.gov/FCSM/resources/statistical-policy-working-papers/,38c157e1033bdedd4ccf7b8acb721cac57fd09ab72a1c856392536444d7524dd,,,,off_topic,,"FCSM methodology working paper (survey error, disclosure limitation, matching, response rates)"
fcsm_25_02,FCSM 25-02: Analyzing Persistent Poverty Areas Using Federal Data,fcsm_wp,FCSM,https://statspolicy.gov/FCSM/resources/statistical-policy-working-papers/,a21f4788f92880fc552ce868b246c584238dba84c1cbd19ff10707426212b9ec,,,,off_topic,,"FCSM methodology working paper (survey error, disclosure limitation, matching, response rates)"
fcsm_25_03,FCSM 25-03: AI-Ready Federal Statistical Data — An Extension of Communicating Data Quality,fcsm_wp,FCSM,https://statspolicy.gov/FCSM/resources/statistical-policy-working-papers/,ba8901ed2dac0abe36976c27c91bc78b2f00ca88b22c94af976033e266350797,primary_url,fcsm-25-03,included,,,
foia,Freedom of Information Act (FOIA),statute,govwide,https://www.justice.gov/oip/freedom-information-act-5-usc-552,,,,,off_topic,,statute whose subject is not making published data machine-consumable
frn_2026_18481,Decennial Census of the Population of Americans; Proposed Residence Criteria and Proposed Regulations for Demographic Questions,frn,"Commerce Department, Census Bureau",https://www.federalregister.gov/documents/2026/09/10/2026-18481/decennial-census-of-the-population-of-americans-proposed-residence-criteria-and-proposed-regulations,1517762e8d3eae51b1042216e3b06baafd37d9b552e2dde6a63926c8e1a1d35a,,,,off_topic,,Federal Register notice on a classification or census rule
frn_naics_2027_rfc,SPD No. 8 NAICS — Request for Comments on Proposed Updates for 2027,frn,OMB,https://www.federalregister.gov/documents/2026/07/13/2026-14086/statistical-policy-directive-no-8-north-american-industry-classification-system-naics-request-for,a1cba3fac84a1c94704d736a2929d3fea170a042e36ca29ff395e73248cb86d4,,,,off_topic,,Federal Register notice on a classification or census rule
frn_soc_2028_rfc,SPD No. 10 SOC — Request for Comments on Possible Revision for 2028,frn,OMB,https://www.federalregister.gov/documents/2024/06/12/2024-12825/statistical-policy-directive-no-10-standard-occupational-classification-soc-request-for-comments-on,ee4890a59cba84afa183a7c5284df8700476a85a0f4b534bbdb79d1e7915aaea,,,,off_topic,,Federal Register notice on a classification or census rule
icsp_aanhpi_disaggregation_2022,"Federal Statistical Datasets Allowing Disaggregation of Asian, Native Hawaiian, and Other Pacific Islander Communities (ICSP, 2022)",icsp_report,ICSP,https://nces.ed.gov/fCSM/ICSP_Agencies.asp,,,,,off_topic,,ICSP report on statistical-system operations
icsp_covid19_changes_2021,"Statistical Agency Changes in Response to the COVID-19 Pandemic (ICSP, 2021)",icsp_report,ICSP,https://statspolicy.gov/resources/,8779d43192be16feb399c485e17da60defad6c553cb72732b718c9fe84a196ea,,,,off_topic,,ICSP report on statistical-system operations
icsp_modernizing_principles_2018,"Principles for Modernizing Production of Federal Statistics (ICSP, 2018)",icsp_report,ICSP,https://statspolicy.gov/resources/,1e3aeb28598d86b2b827029f6dba3d8ce2ec3f4c1be3779d52fa93d4761c254a,,,,off_topic,,primary subject is modernizing statistical production; metadata and dissemination are mentioned (3 and 5 segments) but are not its subject
icsp_private_datasets_2023,"The Use of Private Datasets by Federal Statistical Programs: Extent, Challenges, and Lessons Learned (ICSP, 2023)",icsp_report,ICSP,https://statspolicy.gov/resources/,03a108299ef8a4d7481dfcd5e0781b1ce560e915a8dfa7020926f7e27d59bc62,,,,off_topic,,ICSP report on statistical-system operations
icsp_strategic_goals_fy2025_2026,ICSP Strategic Goals and Objectives (FY2025-FY2026),icsp_report,ICSP,https://statspolicy.gov/resources/,78e341841e303c681f1c418ee84efcd821ea8b03ef68af607af328c1a95ff9b7,,,,off_topic,,ICSP report on statistical-system operations
iq_bulletin_peer_review_2005,Final Information Quality Bulletin for Peer Review,omb_guidance,OMB,https://www.federalregister.gov/documents/2005/01/14/05-769/final-information-quality-bulletin-for-peer-review,b929a34255976a358ed67627a93976d008c5438ce1f914a2558fb32d1474f1ac,,,,off_topic,,"OMB guidance whose subject is statistical administration, privacy, quality or budget, not machine consumption"
iqa_data_quality_act,Information Quality Act (Data Quality Act) — sec. 515 of P.L. 106-554,statute,govwide,https://www.govinfo.gov/app/details/PLAW-106publ554,07fc5aa02373526104cd44be67b372391eab525a4301dceea8257d366e5833ce,primary_url,information-quality-act-data-quality-act-sec-515-of-p-l-106,included,,,
iqa_guidelines_omb,"OMB Guidelines for Ensuring and Maximizing the Quality, Objectivity, Utility, and Integrity of Information (Final, 2002)",omb_guidance,OMB,https://www.federalregister.gov/documents/2002/02/22/R2-59/guidelines-for-ensuring-and-maximizing-the-quality-objectivity-utility-and-integrity-of-information,17e6f89ce7e513a00fbfcaad3aad8e4281b69d0d2ead0a93aab221acf941111b,,,,off_topic,,"OMB guidance whose subject is statistical administration, privacy, quality or budget, not machine consumption"
m_14_06,M-14-06: Guidance for Providing and Using Administrative Data for Statistical Purposes,omb_guidance,OMB,https://obamawhitehouse.archives.gov/sites/default/files/omb/memoranda/2014/m-14-06.pdf,202530b46e8dade8daa15f866dd5fbdbf6d9bd782c20092575a7a36fe4d25af2,,,,off_topic,,"OMB guidance whose subject is statistical administration, privacy, quality or budget, not machine consumption"
m_15_03,M-15-03: Department Support for Implementation of Statistical Policy Directive No. 1: Fundamental Responsibilities of Federal Statistical Agencies and Recognized Statistical Units,omb_guidance,OMB,https://bidenwhitehouse.archives.gov/wp-content/uploads/legacy_drupal_files/omb/memoranda/2015/m-15-03.pdf,3c323587050ec39c03dcec969b0f9b6ee253e23189e9cc2ac785cbdf3384b66b,,,,off_topic,,"OMB guidance whose subject is statistical administration, privacy, quality or budget, not machine consumption"
m_15_15,M-15-15: Improving Statistical Activities through Interagency Collaboration,omb_guidance,OMB,https://www.whitehouse.gov/wp-content/uploads/legacy_drupal_files/omb/memoranda/2015/m-15-15.pdf,6350ba1d8b172057415937c7cf0f66ee5680a5edf0dda948aef2c4c5c1e882d0,,,,off_topic,,"OMB guidance whose subject is statistical administration, privacy, quality or budget, not machine consumption"
m_16_21,"M-16-21: Federal Source Code Policy: Achieving Efficiency, Transparency, and Innovation through Reusable and Open Source Software",omb_guidance,OMB,https://bidenwhitehouse.archives.gov/omb/information-for-agencies/memoranda/,16256ec51d2989ac44f1400a7318993732fb6e1e1ee1b0299af1a292af845c8c,,,,off_topic,,"federal source code policy; reusable code, not published data"
m_16_24,M-16-24: Role and Designation of Senior Agency Officials for Privacy,omb_guidance,OMB,https://bidenwhitehouse.archives.gov/omb/information-for-agencies/memoranda/,a9263143a2dd75478f08189d4eac7e9c15499293578697cdc8ed7a9f1e6f55e0,,,,off_topic,,"OMB guidance whose subject is statistical administration, privacy, quality or budget, not machine consumption"
m_19_15,M-19-15: Improving Implementation of the Information Quality Act,omb_guidance,OMB,https://bidenwhitehouse.archives.gov/wp-content/uploads/2019/04/M-19-15.pdf,caf66ee7b3e3e00830b845eed3c15950853d02d82f7a1da9cff29da1fb31472e,,,,off_topic,,"OMB guidance whose subject is statistical administration, privacy, quality or budget, not machine consumption"
m_19_18,M-19-18: Federal Data Strategy — A Framework for Consistency,omb_guidance,OMB,https://trumpwhitehouse.archives.gov/wp-content/uploads/2019/06/M-19-18.pdf,3b96d5701cf2c6374fb2ea065a1d7272ae5793616ca86723849737feed32a448,,,,include_candidate,R1,"Federal Data Strategy: data as a strategic asset, machine-readable and metadata practices across agencies (1 machine-readable, 2 metadata segments)."
m_19_23,"M-19-23: Phase 1 Implementation of the Evidence Act — Learning Agendas, Personnel, and Planning Guidance",omb_guidance,OMB,https://www.whitehouse.gov/wp-content/uploads/2019/07/M-19-23.pdf,85885990110076098a185876fa8c162d0bfdefcb51a0812503886efbf7634301,primary_url,m-19-23-phase-1-implementation-of-the-evidence-act,included,,,
m_21_04,M-21-04: Modernizing Access to and Consent for Disclosure of Records Subject to the Privacy Act,omb_guidance,OMB,https://bidenwhitehouse.archives.gov/wp-content/uploads/2020/11/M-21-04.pdf,40bacbbf830c479593b245b8f160d6d83c6058dafa40011c84d13119a957bb1e,,,,off_topic,,"OMB guidance whose subject is statistical administration, privacy, quality or budget, not machine consumption"
m_23_22,M-23-22: Delivering a Digital-First Public Experience,omb_guidance,OMB,https://bidenwhitehouse.archives.gov/wp-content/uploads/2023/09/M-23-22-Delivering-a-Digital-First-Public-Experience.pdf,fe840641ae1274d4162744c6d7244ac40a3885ccde4f40d15e1dc60f7d588088,content_hash,omb-m-23-22-digital-first-public-experience,included,,,
m_24_10,"M-24-10: Advancing Governance, Innovation, and Risk Management for Agency Use of Artificial Intelligence",omb_guidance,OMB,https://bidenwhitehouse.archives.gov/omb/information-for-agencies/memoranda/,89e548f806c3e2c6702ab9996f92344b5c05ec0f26e0d4874ddb402449c044fb,primary_url,m-24-10-advancing-governance-innovation-and-risk-management,included,,,
m_24_18,M-24-18: Advancing the Responsible Acquisition of Artificial Intelligence in Government,omb_guidance,OMB,https://bidenwhitehouse.archives.gov/omb/briefing-room/2024/10/03/fact-sheet-omb-issues-guidance-to-advance-the-responsible-acquisition-of-ai-in-government/,eb9d3587e1556577737b9ce405053b1b18e0b664f73ce65c043898948a147e0a,primary_url,m-24-18-advancing-the-responsible-acquisition-of-ai-in-gover,included,,,
m_25_05,M-25-05: Phase 2 Implementation of the Evidence Act — Open Government Data Access and Management Guidance,omb_guidance,OMB,https://bidenwhitehouse.archives.gov/wp-content/uploads/2025/01/M-25-05-Phase-2-Implementation-of-the-Foundations-for-Evidence-Based-Policymaking-Act-of-2018-Open-Government-Data-Access-and-Management-Guidance.pdf,1ccecff6ecfacf690df0263dafe4a0ed7da0d67a192309533351a060a2af42c1,primary_url,m-25-05-phase-2-implementation-of-the-evidence-act-open-gove,included,,,
m_25_06,M-25-06: Re-establishing the Chief Data Officer Council,omb_guidance,OMB,https://bidenwhitehouse.archives.gov/wp-content/uploads/2025/01/M-25-06-Re-establishing-the-Chief-Data-Officer-Council.pdf,30ed34b0412d42dc5883e92e2967dd3917d497517a1bcff3b27ebcb61a4be8f9,,,,off_topic,,"OMB guidance whose subject is statistical administration, privacy, quality or budget, not machine consumption"
m_25_21,"M-25-21: Accelerating Federal Use of AI through Innovation, Governance, and Public Trust",omb_guidance,OMB,https://www.whitehouse.gov/omb/information-for-agencies/memoranda/,0aab0aa4eaeac969ed93894d3940c5dc9d0b7377048171b164a439e8b9e49813,normalised_title,m-25-21-accelerating-federal-use-of-ai-through-innovation-go,pending_refetch,,,
m_25_22,M-25-22: Driving Efficient Acquisition of Artificial Intelligence in Government,omb_guidance,OMB,https://www.whitehouse.gov/omb/information-for-agencies/memoranda/,e157538371eb9665fabdacff748788fc6afc0575bb3661d15b146f3138084cd8,normalised_title,m-25-22-driving-efficient-acquisition-of-artificial-intellig,pending_refetch,,,
m_25_24,"M-25-24: Interim Guidance Implementing Section 3 of Executive Order 14215, Titled ""Ensuring Accountability for All Agencies""",omb_guidance,OMB,https://www.whitehouse.gov/wp-content/uploads/2025/02/M-25-24-Interim-Guidance-Implementing-Section-3-of-Executive-Order-14215-Titled-Ensuring-Accountability-for-All-Agencies.pdf,d192cb67b41a30d83e647cc14da47d56cb6354192b0385fcebe865f4d7f4dbe0,,,,off_topic,,"OMB guidance whose subject is statistical administration, privacy, quality or budget, not machine consumption"
m_25_32,M-25-32: Preventing Improper Payments and Protecting Privacy Through Do Not Pay,omb_guidance,OMB,https://www.whitehouse.gov/wp-content/uploads/2025/08/M-25-32-Preventing-Improper-Payments-and-Protecting-Privacy-Through-Do-Not-Pay.pdf,e98fb587f34267273850357ed0955d5b1090831a5e2bb81754dbbfcfd39fabc5,,,,off_topic,,"OMB guidance whose subject is statistical administration, privacy, quality or budget, not machine consumption"
m_26_04,M-26-04: Increasing Public Trust in Artificial Intelligence Through Unbiased AI Principles,omb_guidance,OMB,https://www.whitehouse.gov/omb/information-for-agencies/memoranda/,d33b0277d720baac843babc5f24269e4c0b8777447870a36309d8b4f3d9c79bc,primary_url,m-26-04-increasing-public-trust-in-ai-through-unbiased-ai-pr,included,,,
naii_2020_15usc9401,"National Artificial Intelligence Initiative Act of 2020 — 15 U.S.C. § 9401 (Definitions, codified)",statute,govwide,https://uscode.house.gov/view.xhtml?req=granuleid:USC-prelim-title15-section9401&num=0&edition=prelim,46536882b91285dc386823bc16e069f65094421c03aa4878cb75a8a188a0b048,,,,off_topic,,"defines ""artificial intelligence"" (8 segments), not AI readiness or AI-ready data; R3's definitional statements are readiness definitions"
nass_title7,NASS enabling statute — 7 U.S.C. 2204 et seq.,enabling_statute,nass,https://uscode.house.gov/view.xhtml?req=(title:7+section:2204+edition:prelim),03f683f72e07f11b3d09ef4bf7b293fc1c25835f870475462a6ebb11db36f45d,,,,off_topic,,"agency enabling or confidentiality statute; subject is collection authority and confidentiality, not machine consumption of published data"
nations_data_at_risk_2025,The Nation's Data at Risk: The First Annual Report on the Federal Statistical System,cnstat,ASA / HDSR,https://hdsr.mitpress.mit.edu/pub/m3fk4fah/release/1,f09434eda0a471fca17e4e8f6d88139984d92d89a1b0e6a05e9b8ecde7720c75,primary_url,the-nation-s-data-at-risk-first-annual-report-on-the-federal,included,,,
nces_esra_title20,NCES enabling statute — Education Sciences Reform Act (ESRA),enabling_statute,nces,https://uscode.house.gov/view.xhtml?path=/prelim@title20/chapter76&edition=prelim,e48411b4e0ea249e03d082e851823c676659e6bcbed76eeb998bd7f5903027b5,,,,off_topic,,"agency enabling or confidentiality statute; subject is collection authority and confidentiality, not machine consumption of published data"
nchs_phsa_title42,NCHS enabling statute — Public Health Service Act (PHSA),enabling_statute,nchs,https://uscode.house.gov/view.xhtml?req=granuleid:USC-prelim-title42-section242k&num=0&edition=prelim,d7b1806073773252a196bab13353ee8f08c024a188b9ea12b89a8a90c2be3bc4,,,,off_topic,,"agency enabling or confidentiality statute; subject is collection authority and confidentiality, not machine consumption of published data"
ndaa_fy2019_s238g,NDAA FY2019 § 238(g) — Artificial Intelligence Defined (John S. McCain National Defense Authorization Act for Fiscal Year 2019),statute,govwide,https://www.govinfo.gov/content/pkg/PLAW-115publ232/html/PLAW-115publ232.htm,92397f7eadb8781f09b79ca4fcbdf77eaeac0a4551e5c45c30b73a294b1eefcc,,,,off_topic,,"defines ""artificial intelligence"", not AI readiness or AI-ready data; R3's definitional statements are readiness definitions"
nist_ai_100_3,NIST AI 100-3: The Language of Trustworthy AI — An In-Depth Glossary of Terms,framework,NIST,https://doi.org/10.6028/NIST.AI.100-3,9a4d9b9bd3bf3727e2bd5043e35e5155d1e0ca402163cb34fde2ff745bf4828c,primary_url,nist-ai-100-3-the-language-of-trustworthy-ai-an-in-depth-glo,included,,,
nist_ai_rmf_100_1,NIST AI Risk Management Framework 1.0 (AI 100-1),framework,NIST,https://www.nist.gov/itl/ai-risk-management-framework,7576edb531d9848825814ee88e28b1795d3a84b435b4b797d3670eafdc4a89f1,content_hash,nist-ai-risk-management-framework-ai-rmf,included,,,
nist_ai_rmf_playbook,"NIST AI RMF Playbook (companion to the AI Risk Management Framework 1.0, AI 100-1)",framework,NIST,https://airc.nist.gov/AI_RMF_Knowledge_Base/Playbook,65d6101d806502875aadb0fd19a75c3a9cc9a5e9461129e9398a39192d8202d2,primary_url,nist-ai-rmf-playbook,included,,,
nist_genai_profile_600_1,NIST Generative AI Profile (AI 600-1),framework,NIST,https://www.nist.gov/itl/ai-risk-management-framework,6e73620ab6b64e90ef2c04bf0e0d6246185a2f4b1b13cab0df494496cff89b6a,content_hash,nist-generative-ai-profile-ai-600-1,included,,,
omb_bulletin_23_01,OMB Bulletin No. 23-01: Revised Delineations of Metropolitan/Micropolitan/Combined Statistical Areas,bulletin,OMB,https://www.census.gov/programs-surveys/metro-micro/about/omb-bulletins.html,88f9dd4e8715dc1fcfee40b4ef0d49d717047bd90e9e59b155e897702af51d3d,,,,off_topic,,metropolitan-area delineation bulletin
omb_circular_a11,"OMB Circular No. A-11: Preparation, Submission, and Execution of the Budget",circular,OMB,https://www.whitehouse.gov/omb/information-resources/guidance/circulars/,7b0e6a3b018f6beea1c4b55ff377821fbd16def96354df5b319b2642ecd604c1,,,,off_topic,,OMB circular on budget or standards participation
omb_circular_a119,OMB Circular No. A-119: Federal Participation in the Development and Use of Voluntary Consensus Standards (2016 Revision),circular,OMB,https://www.federalregister.gov/documents/2016/01/27/2016-01606/revision-of-omb-circular-no-a-119-federal-participation-in-the-development-and-use-of-voluntary,938f86d089c194646cd771b802f10b0b405d5e5fb24b44beda98e2e7f9f83d2e,,,,off_topic,,OMB circular on budget or standards participation
omb_circular_a130,OMB Circular No. A-130: Managing Information as a Strategic Resource (2016 Revision),omb_guidance,OMB,https://www.federalregister.gov/documents/2016/07/28/2016-17872/revision-of-omb-circular-no-a-130-managing-information-as-a-strategic-resource,d7d35c2d1635f604b9e68594a710258ff21568c8477c0fb627744e36bd358939,,,,include_candidate,R1,"Circular A-130 sets open-data and information-dissemination policy (s16: ""open data""); err inclusive per R1. FSS holds 28 segments, a partial extent."
pra_1995,Paperwork Reduction Act of 1995,statute,govwide,https://www.govinfo.gov/app/details/PLAW-104publ13,364b71f86413ba4424bba70125e51c983ea77d6c7d2d7aa7e62377520daddda9,,,,off_topic,,"Paperwork Reduction Act as enacted in 1995, before the OPEN Government Data Act amendments; information-collection burden, not machine consumption (the codified chapter is a candidate)"
pra_1995_uslm,"Paperwork Reduction Act — 44 U.S.C. ch. 35 (codified, current)",statute,govwide,https://uscode.house.gov/view.xhtml?path=/prelim@title44/chapter35&edition=prelim,644df66d72318403dfc03fc281f2834b22743d0090a4ec349f8b481ae3008992,,,,include_candidate,R1,"44 U.S.C. ch. 35 as codified carries the OPEN Government Data Act's definitions and duties: segment s43 defines ""machine-readable"", s45 ""open Government data asset"", s231 requires every public data asset be machine-readable. The corpus holds the Evidence Act as enacted, not the codified chapter it amended."
privacy_act_1974,Privacy Act of 1974,statute,govwide,https://www.justice.gov/opcl/privacy-act-1974,e7ee29d2c9d09b077dc356a4583a4a008621dce40b0f23fd51e19b5368815d4a,,,,off_topic,,statute whose subject is not making published data machine-consumable
privacy_act_1974_uslm,"Privacy Act — 5 U.S.C. 552a (codified, current)",statute,govwide,https://uscode.house.gov/view.xhtml?req=granuleid:USC-prelim-title5-section552a&num=0&edition=prelim,3a78cd9bc10db193f0afa4baa4f5f2e36f488509527ddbf34d5935b77ef69c67,,,,off_topic,,statute whose subject is not making published data machine-consumable
sap_policy_m_23_04,M-23-04: Establishment of Standard Application Process Requirements on Recognized Statistical Agencies or Units,omb_guidance,OMB,https://www.whitehouse.gov/wp-content/uploads/2022/12/M-23-04.pdf,65fd48fe702bb13fb759d71adb1bdf92529efaf8af520a1426aef46d208644c4,,,,off_topic,,"OMB guidance whose subject is statistical administration, privacy, quality or budget, not machine consumption"
soi_irc_6103,SOI confidentiality — 26 U.S.C. 6103 (Internal Revenue Code),enabling_statute,soi,https://uscode.house.gov/view.xhtml?req=granuleid%3AUSC-prelim-title26-section6103&num=0&edition=prelim,c8f1ceb9da88ff800a3d8c250c5817816df41447382d6147e33bb1ae66810c4e,,,,off_topic,,"agency enabling or confidentiality statute; subject is collection authority and confidentiality, not machine consumption of published data"
spd_1,Statistical Policy Directive No. 1: Fundamental Responsibilities of Federal Statistical Agencies and Recognized Statistical Units,spd,OMB,https://www.federalregister.gov/documents/2014/12/02/2014-28326/statistical-policy-directive-no-1-fundamental-responsibilities-of-federal-statistical-agencies-and,1d3f221d2980532a0a73ee84be96dce79fbaf7cd6af1eda85a8d43ca2ccd990d,,,,off_topic,,"statistical classification or survey standard; subject is how statistics are produced or classified, not machine consumption"
spd_10,Statistical Policy Directive No. 10: Standard Occupational Classification (SOC) System — 2018 Revision,spd,OMB,https://www.federalregister.gov/documents/2017/11/28/2017-25622/standard-occupational-classification-soc-system-revision-for-2018,484d49db1259b040adb0802167ffeb2e5bbe689799f3f287e2b88d739a4fb42a,,,,off_topic,,"statistical classification or survey standard; subject is how statistics are produced or classified, not machine consumption"
spd_15,"Statistical Policy Directive No. 15: Standards for Maintaining, Collecting, and Presenting Federal Data on Race and Ethnicity — 2024 Revisions",spd,OMB,https://www.federalregister.gov/documents/2024/03/29/2024-06469/revisions-to-ombs-statistical-policy-directive-no-15-standards-for-maintaining-collecting-and,9ccdfd066c99a456c59cdf6748179af2afee998eecc235a687d20b1a7397ca87,,,,off_topic,,"statistical classification or survey standard; subject is how statistics are produced or classified, not machine consumption"
spd_15_1997,Statistical Policy Directive No. 15: Revisions to the Standards for the Classification of Federal Data on Race and Ethnicity (1997),spd,OMB,https://www.federalregister.gov/documents/1997/10/30/97-28653/revisions-to-the-standards-for-the-classification-of-federal-data-on-race-and-ethnicity,e10a8b36dcfb8d41c60045863c6faa2bc3801a41ec491b595e7c3cdee1d088dd,,,,off_topic,,"statistical classification or survey standard; subject is how statistics are produced or classified, not machine consumption"
spd_2_addendum_2016,SPD No. 2 Addendum: Standards and Guidelines for Cognitive Interviews (2016),spd,OMB,https://www.federalregister.gov/documents/2016/10/12/2016-24607/statistical-policy-directive-no-2-standards-and-guidelines-for-statistical-surveys-addendum,3d177b2f5133411dcc5c9e1714d1457389daa5c4c862c8dc699d4914deef71b5,,,,off_topic,,"statistical classification or survey standard; subject is how statistics are produced or classified, not machine consumption"
spd_2_base_2006,Statistical Policy Directive No. 2: Standards and Guidelines for Statistical Surveys (2006),spd,OMB,https://statspolicy.gov/policies/,,,,,off_topic,,"statistical classification or survey standard; subject is how statistics are produced or classified, not machine consumption"
spd_3,"Statistical Policy Directive No. 3: Compilation, Release, and Evaluation of Principal Federal Economic Indicators",spd,OMB,https://www.federalregister.gov/documents/2024/02/15/2024-02972/update-of-statistical-policy-directive-no-3-compilation-release-and-evaluation-of-principal-federal,5acc5bb9392f77971a5cc3652e629056d9efe99527c99c69af25f8ffe9ea4576,,,,off_topic,,"statistical classification or survey standard; subject is how statistics are produced or classified, not machine consumption"
spd_4,Statistical Policy Directive No. 4: Release and Dissemination of Statistical Products Produced by Federal Statistical Agencies,spd,OMB,https://www.federalregister.gov/documents/2008/03/07/E8-4570/statistical-policy-directive-no-4-release-and-dissemination-of-statistical-products-produced-by,227fb295731421b156625c9384fab9401372df702f09917ac2fb870da72aea9a,,,,include_candidate,R1,"SPD 4 governs release and dissemination of statistical products (26 dissemination segments); err inclusive per R1, a dissemination standard a publisher-readiness framework scores against."
spd_7,Statistical Policy Directive No. 7: Metropolitan Statistical Areas — 2020 Standards for Delineating Core Based Statistical Areas,spd,OMB,https://www.federalregister.gov/documents/2021/07/16/2021-15159/2020-standards-for-delineating-core-based-statistical-areas,8eba4a548dcc1781447e7b28d9f90af254b74027d9264f618dd2a95cd7526db0,,,,off_topic,,"statistical classification or survey standard; subject is how statistics are produced or classified, not machine consumption"
spd_8,Statistical Policy Directive No. 8: NAICS Classification of Establishments — 2022 Revision,spd,OMB,https://www.federalregister.gov/documents/2021/12/21/2021-27536/north-american-industry-classification-system-revision-for-2022-update-of-statistical-policy,44bdd709ea1b1d0706c9d2e413f7fdb6517c5043c039ef1e5b652df9c3895cd6,,,,off_topic,,"statistical classification or survey standard; subject is how statistics are produced or classified, not machine consumption"
stat_programs_annual_reports,Statistical Programs of the U.S. Government — Annual Reports to Congress (latest: FY2023),omb_guidance,OMB,https://statspolicy.gov/products/,de51884b4edc2d81ae0e4a49a80042638c1b6e194e4493784d0d392cc79ab1d7,,,,off_topic,,"OMB guidance whose subject is statistical administration, privacy, quality or budget, not machine consumption"
trust_regulation_final,"Fundamental Responsibilities of Recognized Statistical Agencies and Units — Final Rule (""Trust Regulation"")",regulation,OMB,https://www.federalregister.gov/documents/2024/10/11/2024-23536/fundamental-responsibilities-of-recognized-statistical-agencies-and-units,5687d8ba2d70ddb5bac71314bc05caab9e4ab70fde73a5e76a00bed8e9f08108,,,,off_topic,,"Trust Regulation: fundamental responsibilities of statistical agencies (confidentiality, relevance, objectivity); not machine consumption"
trust_regulation_nprm,Fundamental Responsibilities of RSAUs — Notice of Proposed Rulemaking (NPRM),regulation,OMB,https://www.federalregister.gov/documents/2023/08/18/2023-17664/fundamental-responsibilities-of-recognized-statistical-agencies-and-units,a48022fbfbb32912d28dc78cd8bb7ddf698e8575ab9947384aaa09c3e801fc77,,,,off_topic,,"Trust Regulation: fundamental responsibilities of statistical agencies (confidentiality, relevance, objectivity); not machine consumption"
webb_nist_fcsm_crosswalk,When AI Enters Federal Statistics: A Crosswalk Between Data Quality and AI Trustworthiness Frameworks,framework,author (Webb),https://doi.org/10.5281/zenodo.18772590,e374c17e375d5743ac570459e41ca1f28971fbc76bd416801f6b653bd1a0c45d,primary_url,webb-fcsm-nist-crosswalk,included,,,
wp_2,Statistical Policy Working Paper 2: Report on Statistical Disclosure and Disclosure-Avoidance Techniques,fcsm_wp,FCSM,https://statspolicy.gov/FCSM/resources/statistical-policy-working-papers/,4118ea9b9382c9f0d7c0b6480497b8a90ce8f7cd0c87af18f112a30bcc65ea98,,,,off_topic,,"FCSM methodology working paper (survey error, disclosure limitation, matching, response rates)"
wp_22,Statistical Policy Working Paper 22: Report on Statistical Disclosure Limitation Methodology (rev. 2005),fcsm_wp,FCSM,https://statspolicy.gov/FCSM/resources/statistical-policy-working-papers/,bf88c7e1cfd69733e63edab7c03c15da770c7074b57d244a99eae4b542d1c63c,,,,off_topic,,"FCSM methodology working paper (survey error, disclosure limitation, matching, response rates)"
wp_31,Statistical Policy Working Paper 31: Measuring and Reporting Sources of Error in Surveys,fcsm_wp,FCSM,https://statspolicy.gov/FCSM/resources/statistical-policy-working-papers/,f2ba07cc2c840cbcad2695e641a0c17c258fb69a9cb793adc23413a1b443d904,,,,off_topic,,"FCSM methodology working paper (survey error, disclosure limitation, matching, response rates)"
wp_44,Statistical Policy Working Paper 44: Response Rate Summit — Summary Report,fcsm_wp,FCSM,https://statspolicy.gov/FCSM/resources/statistical-policy-working-papers/,e9d73be9c217df41b411a4876bcbd5a2592b64a4d5e8c59bc12b7e66e4aadd81,,,,off_topic,,"FCSM methodology working paper (survey error, disclosure limitation, matching, response rates)"
wp_45,Statistical Policy Working Paper 45: Profiles in Success of Statistical Uses of Administrative Data,fcsm_wp,FCSM,https://statspolicy.gov/FCSM/resources/statistical-policy-working-papers/,e6eb6189d5c9f18bba809399534b8cca169962e63e7988a777745ff07b08e803,,,,off_topic,,"FCSM methodology working paper (survey error, disclosure limitation, matching, response rates)"
wp_46,Statistical Policy Working Paper 46: Data Quality Assessment Tool for Administrative Data,fcsm_wp,FCSM,https://statspolicy.gov/FCSM/resources/statistical-policy-working-papers/,1b1f030dbb7eb9c46e4e8e03c0411ffab6f715d7332dafe7f92aead92c4ed936,primary_url,statistical-policy-working-paper-46-data-quality-assessment,included,,,
wp_47,Statistical Policy Working Paper 47: Evaluating Survey Questions — An Inventory of Methods,fcsm_wp,FCSM,https://statspolicy.gov/FCSM/resources/statistical-policy-working-papers/,e22cbef5fed36f35154d4c8f33942da4394f96268c96927381b884ba46403d6a,,,,off_topic,,"FCSM methodology working paper (survey error, disclosure limitation, matching, response rates)"
wp_5,Statistical Policy Working Paper 5: Report on Exact and Statistical Matching Techniques,fcsm_wp,FCSM,https://statspolicy.gov/FCSM/resources/statistical-policy-working-papers/,90a4c812abd13d40a953486de734cc2ddcb2077b6c43771202f86192691c7b89,,,,off_topic,,"FCSM methodology working paper (survey error, disclosure limitation, matching, response rates)"
