geography,estimate,moe
County 0000,70000,1500
County 0001,70001,1501
County 0002,70002,1502
County 0003,70003,1503
County 0004,70004,1504
County 0005,70005,1505
County 0006,70006,1506
County 0007,70007,1507
County 0008,70008,1508
County 0009,70009,1509
County 0010,70010,1510
County 0011,70011,1511
County 0012,70012,1512
County 0013,70013,1513
County 0014,70014,1514
County 0015,70015,1515
County 0016,70016,1516
County 0017,70017,1517
County 0018,70018,1518
County 0019,70019,1519
County 0020,70020,1520
County 0021,70021,1521
County 0022,70022,1522
County 0023,70023,1523
County 0024,70024,1524
County 0025,70025,1525
County 0026,70026,1526
County 0027,70027,1527
County 0028,70028,1528
County 0029,70029,1529
County 0030,70030,1530
County 0031,70031,1531
County 0032,70032,1532
County 0033,70033,1533
County 0034,70034,1534
County 0035,70035,1535
County 0036,70036,1536
County 0037,70037,1537
County 0038,70038,1538
County 0039,70039,1539
County 0040,70040,1540
County 0041,70041,1541
County 0042,70042,1542
County 0043,70043,1543
County 0044,70044,1544
County 0045,70045,1545
County 0046,70046,1546
County 0047,70047,1547
County 0048,70048,1548
County 0049,70049,1549
County 0050,70050,1550
County 0051,70051,1551
County 0052,70052,1552
County 0053,70053,1553
County 0054,70054,1554
County 0055,70055,1555
County 0056,70056,1556
County 0057,70057,1557
County 0058,70058,1558
County 0059,70059,1559
County 0060,70060,1560
County 0061,70061,1561
County 0062,70062,1562
County 0063,70063,1563
County 0064,70064,1564
County 0065,70065,1565
County 0066,70066,1566
County 0067,70067,1567
County 0068,70068,1568
County 0069,70069,1569
County 0070,70070,1570
County 0071,70071,1571
County 0072,70072,1572
County 0073,70073,1573
County 0074,70074,1574
County 0075,70075,1575
County 0076,70076,1576
County 0077,70077,1577
County 0078,70078,1578
County 0079,70079,1579
County 0080,70080,1580
County 0081,70081,1581
County 0082,70082,1582
County 0083,70083,1583
County 0084,70084,1584
County 0085,70085,1585
County 0086,70086,1586
County 0087,70087,1587
County 0088,70088,1588
County 0089,70089,1589
County 0090,70090,1590
County 0091,70091,1591
County 0092,70092,1592
County 0093,70093,1593
County 0094,70094,1594
County 0095,70095,1595
County 0096,70096,1596
County 0097,70097,1597
County 0098,70098,1598
County 0099,70099,1599
County 0100,70100,1600
County 0101,70101,1601
County 0102,70102,1602
County 0103,70103,1603
County 0104,70104,1604
County 0105,70105,1605
County 0106,70106,1606
County 0107,70107,1607
County 0108,70108,1608
County 0109,70109,1609
County 0110,70110,1610
County 0111,70111,1611
County 0112,70112,1612
County 0113,70113,1613
County 0114,70114,1614
County 0115,70115,1615
County 0116,70116,1616
County 0117,70117,1617
County 0118,70118,1618
County 0119,70119,1619
County 0120,70120,1620
County 0121,70121,1621
County 0122,70122,1622
County 0123,70123,1623
County 0124,70124,1624
County 0125,70125,1625
County 0126,70126,1626
County 0127,70127,1627
County 0128,70128,1628
County 0129,70129,1629
County 0130,70130,1630
County 0131,70131,1631
County 0132,70132,1632
County 0133,70133,1633
County 0134,70134,1634
County 0135,70135,1635
County 0136,70136,1636
County 0137,70137,1637
County 0138,70138,1638
County 0139,70139,1639
County 0140,70140,1640
County 0141,70141,1641
County 0142,70142,1642
County 0143,70143,1643
County 0144,70144,1644
County 0145,70145,1645
County 0146,70146,1646
County 0147,70147,1647
County 0148,70148,1648
County 0149,70149,1649
County 0150,70150,1650
County 0151,70151,1651
County 0152,70152,1652
County 0153,70153,1653
County 0154,70154,1654
County 0155,70155,1655
County 0156,70156,1656
County 0157,70157,1657
County 0158,70158,1658
County 0159,70159,1659
County 0160,70160,1660
County 0161,70161,1661
County 0162,70162,1662
County 0163,70163,1663
County 0164,70164,1664
County 0165,70165,1665
County 0166,70166,1666
County 0167,70167,1667
County 0168,70168,1668
County 0169,70169,1669
County 0170,70170,1670
County 0171,70171,1671
County 0172,70172,1672
County 0173,70173,1673
County 0174,70174,1674
County 0175,70175,1675
County 0176,70176,1676
County 0177,70177,1677
County 0178,70178,1678
County 0179,70179,1679
County 0180,70180,1680
County 0181,70181,1681
County 0182,70182,1682
County 0183,70183,1683
County 0184,70184,1684
County 0185,70185,1685
County 0186,70186,1686
County 0187,70187,1687
County 0188,70188,1688
County 0189,70189,1689
County 0190,70190,1690
County 0191,70191,1691
County 0192,70192,1692
County 0193,70193,1693
County 0194,70194,1694
County 0195,70195,1695
County 0196,70196,1696
County 0197,70197,1697
County 0198,70198,1698
County 0199,70199,1699
County 0200,70200,1700
County 0201,70201,1701
County 0202,70202,1702
County 0203,70203,1703
County 0204,70204,1704
County 0205,70205,1705
County 0206,70206,1706
County 0207,70207,1707
County 0208,70208,1708
County 0209,70209,1709
County 0210,70210,1710
County 0211,70211,1711
County 0212,70212,1712
County 0213,70213,1713
County 0214,70214,1714
County 0215,70215,1715
County 0216,70216,1716
County 0217,70217,1717
County 0218,70218,1718
County 0219,70219,1719
County 0220,70220,1720
County 0221,70221,1721
County 0222,70222,1722
County 0223,70223,1723
County 0224,70224,1724
County 0225,70225,1725
County 0226,70226,1726
County 0227,70227,1727
County 0228,70228,1728
County 0229,70229,1729
County 0230,70230,1730
County 0231,70231,1731
County 0232,70232,1732
County 0233,70233,1733
County 0234,70234,1734
County 0235,70235,1735
County 0236,70236,1736
County 0237,70237,1737
County 0238,70238,1738
County 0239,70239,1739
County 0240,70240,1740
County 0241,70241,1741
County 0242,70242,1742
County 0243,70243,1743
County 0244,70244,1744
County 0245,70245,1745
County 0246,70246,1746
County 0247,70247,1747
County 0248,70248,1748
County 0249,70249,1749
County 0250,70250,1750
County 0251,70251,1751
County 0252,70252,1752
County 0253,70253,1753
County 0254,70254,1754
County 0255,70255,1755
County 0256,70256,1756
County 0257,70257,1757
County 0258,70258,1758
County 0259,70259,1759
County 0260,70260,1760
County 0261,70261,1761
County 0262,70262,1762
County 0263,70263,1763
County 0264,70264,1764
County 0265,70265,1765
County 0266,70266,1766
County 0267,70267,1767
County 0268,70268,1768
County 0269,70269,1769
County 0270,70270,1770
County 0271,70271,1771
County 0272,70272,1772
County 0273,70273,1773
County 0274,70274,1774
County 0275,70275,1775
County 0276,70276,1776
County 0277,70277,1777
County 0278,70278,1778
County 0279,70279,1779
County 0280,70280,1780
County 0281,70281,1781
County 0282,70282,1782
County 0283,70283,1783
County 0284,70284,1784
County 0285,70285,1785
County 0286,70286,1786
County 0287,70287,1787
County 0288,70288,1788
County 0289,70289,1789
County 0290,70290,1790
County 0291,70291,1791
County 0292,70292,1792
County 0293,70293,1793
County 0294,70294,1794
County 0295,70295,1795
County 0296,70296,1796
County 0297,70297,1797
County 0298,70298,1798
County 0299,70299,1799
County 0300,70300,1800
County 0301,70301,1801
County 0302,70302,1802
County 0303,70303,1803
County 0304,70304,1804
County 0305,70305,1805
County 0306,70306,1806
County 0307,70307,1807
County 0308,70308,1808
County 0309,70309,1809
County 0310,70310,1810
County 0311,70311,1811
County 0312,70312,1812
County 0313,70313,1813
County 0314,70314,1814
County 0315,70315,1815
County 0316,70316,1816
County 0317,70317,1817
County 0318,70318,1818
County 0319,70319,1819
County 0320,70320,1820
County 0321,70321,1821
County 0322,70322,1822
County 0323,70323,1823
County 0324,70324,1824
County 0325,70325,1825
County 0326,70326,1826
County 0327,70327,1827
County 0328,70328,1828
County 0329,70329,1829
County 0330,70330,1830
County 0331,70331,1831
County 0332,70332,1832
County 0333,70333,1833
County 0334,70334,1834
County 0335,70335,1835
County 0336,70336,1836
County 0337,70337,1837
County 0338,70338,1838
County 0339,70339,1839
County 0340,70340,1840
County 0341,70341,1841
County 0342,70342,1842
County 0343,70343,1843
County 0344,70344,1844
County 0345,70345,1845
County 0346,70346,1846
County 0347,70347,1847
County 0348,70348,1848
County 0349,70349,1849
County 0350,70350,1850
County 0351,70351,1851
County 0352,70352,1852
County 0353,70353,1853
County 0354,70354,1854
County 0355,70355,1855
County 0356,70356,1856
County 0357,70357,1857
County 0358,70358,1858
County 0359,70359,1859
County 0360,70360,1860
County 0361,70361,1861
County 0362,70362,1862
County 0363,70363,1863
County 0364,70364,1864
County 0365,70365,1865
County 0366,70366,1866
County 0367,70367,1867
County 0368,70368,1868
County 0369,70369,1869
County 0370,70370,1870
County 0371,70371,1871
County 0372,70372,1872
County 0373,70373,1873
County 0374,70374,1874
County 0375,70375,1875
County 0376,70376,1876
County 0377,70377,1877
County 0378,70378,1878
County 0379,70379,1879
County 0380,70380,1880
County 0381,70381,1881
County 0382,70382,1882
County 0383,70383,1883
County 0384,70384,1884
County 0385,70385,1885
County 0386,70386,1886
County 0387,70387,1887
County 0388,70388,1888
County 0389,70389,1889
County 0390,70390,1890
County 0391,70391,1891
County 0392,70392,1892
County 0393,70393,1893
County 0394,70394,1894
County 0395,70395,1895
County 0396,70396,1896
County 0397,70397,1897
County 0398,70398,1898
County 0399,70399,1899
County 0400,70400,1500
County 0401,70401,1501
County 0402,70402,1502
County 0403,70403,1503
County 0404,70404,1504
County 0405,70405,1505
County 0406,70406,1506
County 0407,70407,1507
County 0408,70408,1508
County 0409,70409,1509
County 0410,70410,1510
County 0411,70411,1511
County 0412,70412,1512
County 0413,70413,1513
County 0414,70414,1514
County 0415,70415,1515
County 0416,70416,1516
County 0417,70417,1517
County 0418,70418,1518
County 0419,70419,1519
County 0420,70420,1520
County 0421,70421,1521
County 0422,70422,1522
County 0423,70423,1523
County 0424,70424,1524
County 0425,70425,1525
County 0426,70426,1526
County 0427,70427,1527
County 0428,70428,1528
County 0429,70429,1529
County 0430,70430,1530
County 0431,70431,1531
County 0432,70432,1532
County 0433,70433,1533
County 0434,70434,1534
County 0435,70435,1535
County 0436,70436,1536
County 0437,70437,1537
County 0438,70438,1538
County 0439,70439,1539
County 0440,70440,1540
County 0441,70441,1541
County 0442,70442,1542
County 0443,70443,1543
County 0444,70444,1544
County 0445,70445,1545
County 0446,70446,1546
County 0447,70447,1547
County 0448,70448,1548
County 0449,70449,1549
County 0450,70450,1550
County 0451,70451,1551
County 0452,70452,1552
County 0453,70453,1553
County 0454,70454,1554
County 0455,70455,1555
County 0456,70456,1556
County 0457,70457,1557
County 0458,70458,1558
County 0459,70459,1559
County 0460,70460,1560
County 0461,70461,1561
County 0462,70462,1562
County 0463,70463,1563
County 0464,70464,1564
County 0465,70465,1565
County 0466,70466,1566
County 0467,70467,1567
County 0468,70468,1568
County 0469,70469,1569
County 0470,70470,1570
County 0471,70471,1571
County 0472,70472,1572
County 0473,70473,1573
County 0474,70474,1574
County 0475,70475,1575
County 0476,70476,1576
County 0477,70477,1577
County 0478,70478,1578
County 0479,70479,1579
County 0480,70480,1580
County 0481,70481,1581
County 0482,70482,1582
County 0483,70483,1583
County 0484,70484,1584
County 0485,70485,1585
County 0486,70486,1586
County 0487,70487,1587
County 0488,70488,1588
County 0489,70489,1589
County 0490,70490,1590
County 0491,70491,1591
County 0492,70492,1592
County 0493,70493,1593
County 0494,70494,1594
County 0495,70495,1595
County 0496,70496,1596
County 0497,70497,1597
County 0498,70498,1598
County 0499,70499,1599
County 0500,70500,1600
County 0501,70501,1601
County 0502,70502,1602
County 0503,70503,1603
County 0504,70504,1604
County 0505,70505,1605
County 0506,70506,1606
County 0507,70507,1607
County 0508,70508,1608
County 0509,70509,1609
County 0510,70510,1610
County 0511,70511,1611
County 0512,70512,1612
County 0513,70513,1613
County 0514,70514,1614
County 0515,70515,1615
County 0516,70516,1616
County 0517,70517,1617
County 0518,70518,1618
County 0519,70519,1619
County 0520,70520,1620
County 0521,70521,1621
County 0522,70522,1622
County 0523,70523,1623
County 0524,70524,1624
County 0525,70525,1625
County 0526,70526,1626
County 0527,70527,1627
County 0528,70528,1628
County 0529,70529,1629
County 0530,70530,1630
County 0531,70531,1631
County 0532,70532,1632
County 0533,70533,1633
County 0534,70534,1634
County 0535,70535,1635
County 0536,70536,1636
County 0537,70537,1637
County 0538,70538,1638
County 0539,70539,1639
County 0540,70540,1640
County 0541,70541,1641
County 0542,70542,1642
County 0543,70543,1643
County 0544,70544,1644
County 0545,70545,1645
County 0546,70546,1646
County 0547,70547,1647
County 0548,70548,1648
County 0549,70549,1649
County 0550,70550,1650
County 0551,70551,1651
County 0552,70552,1652
County 0553,70553,1653
County 0554,70554,1654
County 0555,70555,1655
County 0556,70556,1656
County 0557,70557,1657
County 0558,70558,1658
County 0559,70559,1659
County 0560,70560,1660
County 0561,70561,1661
County 0562,70562,1662
County 0563,70563,1663
County 0564,70564,1664
County 0565,70565,1665
County 0566,70566,1666
County 0567,70567,1667
County 0568,70568,1668
County 0569,70569,1669
County 0570,70570,1670
County 0571,70571,1671
County 0572,70572,1672
County 0573,70573,1673
County 0574,70574,1674
County 0575,70575,1675
County 0576,70576,1676
County 0577,70577,1677
County 0578,70578,1678
County 0579,70579,1679
County 0580,70580,1680
County 0581,70581,1681
County 0582,70582,1682
County 0583,70583,1683
County 0584,70584,1684
County 0585,70585,1685
County 0586,70586,1686
County 0587,70587,1687
County 0588,70588,1688
County 0589,70589,1689
County 0590,70590,1690
County 0591,70591,1691
County 0592,70592,1692
County 0593,70593,1693
County 0594,70594,1694
County 0595,70595,1695
County 0596,70596,1696
County 0597,70597,1697
County 0598,70598,1698
County 0599,70599,1699
County 0600,70600,1700
County 0601,70601,1701
County 0602,70602,1702
County 0603,70603,1703
County 0604,70604,1704
County 0605,70605,1705
County 0606,70606,1706
County 0607,70607,1707
County 0608,70608,1708
County 0609,70609,1709
County 0610,70610,1710
County 0611,70611,1711
County 0612,70612,1712
County 0613,70613,1713
County 0614,70614,1714
County 0615,70615,1715
County 0616,70616,1716
County 0617,70617,1717
County 0618,70618,1718
County 0619,70619,1719
County 0620,70620,1720
County 0621,70621,1721
County 0622,70622,1722
County 0623,70623,1723
County 0624,70624,1724
County 0625,70625,1725
County 0626,70626,1726
County 0627,70627,1727
County 0628,70628,1728
County 0629,70629,1729
County 0630,70630,1730
County 0631,70631,1731
County 0632,70632,1732
County 0633,70633,1733
County 0634,70634,1734
County 0635,70635,1735
County 0636,70636,1736
County 0637,70637,1737
County 0638,70638,1738
County 0639,70639,1739
County 0640,70640,1740
County 0641,70641,1741
County 0642,70642,1742
County 0643,70643,1743
County 0644,70644,1744
County 0645,70645,1745
County 0646,70646,1746
County 0647,70647,1747
County 0648,70648,1748
County 0649,70649,1749
County 0650,70650,1750
County 0651,70651,1751
County 0652,70652,1752
County 0653,70653,1753
County 0654,70654,1754
County 0655,70655,1755
County 0656,70656,1756
County 0657,70657,1757
County 0658,70658,1758
County 0659,70659,1759
County 0660,70660,1760
County 0661,70661,1761
County 0662,70662,1762
County 0663,70663,1763
County 0664,70664,1764
County 0665,70665,1765
County 0666,70666,1766
County 0667,70667,1767
County 0668,70668,1768
County 0669,70669,1769
County 0670,70670,1770
County 0671,70671,1771
County 0672,70672,1772
County 0673,70673,1773
County 0674,70674,1774
County 0675,70675,1775
County 0676,70676,1776
County 0677,70677,1777
County 0678,70678,1778
County 0679,70679,1779
County 0680,70680,1780
County 0681,70681,1781
County 0682,70682,1782
County 0683,70683,1783
County 0684,70684,1784
County 0685,70685,1785
County 0686,70686,1786
County 0687,70687,1787
County 0688,70688,1788
County 0689,70689,1789
County 0690,70690,1790
County 0691,70691,1791
County 0692,70692,1792
County 0693,70693,1793
County 0694,70694,1794
County 0695,70695,1795
County 0696,70696,1796
County 0697,70697,1797
County 0698,70698,1798
County 0699,70699,1799
County 0700,70700,1800
County 0701,70701,1801
County 0702,70702,1802
County 0703,70703,1803
County 0704,70704,1804
County 0705,70705,1805
County 0706,70706,1806
County 0707,70707,1807
County 0708,70708,1808
County 0709,70709,1809
County 0710,70710,1810
County 0711,70711,1811
County 0712,70712,1812
County 0713,70713,1813
County 0714,70714,1814
County 0715,70715,1815
County 0716,70716,1816
County 0717,70717,1817
County 0718,70718,1818
County 0719,70719,1819
County 0720,70720,1820
County 0721,70721,1821
County 0722,70722,1822
County 0723,70723,1823
County 0724,70724,1824
County 0725,70725,1825
County 0726,70726,1826
County 0727,70727,1827
County 0728,70728,1828
County 0729,70729,1829
County 0730,70730,1830
County 0731,70731,1831
County 0732,70732,1832
County 0733,70733,1833
County 0734,70734,1834
County 0735,70735,1835
County 0736,70736,1836
County 0737,70737,1837
County 0738,70738,1838
County 0739,70739,1839
County 0740,70740,1840
County 0741,70741,1841
County 0742,70742,1842
County 0743,70743,1843
County 0744,70744,1844
County 0745,70745,1845
County 0746,70746,1846
County 0747,70747,1847
County 0748,70748,1848
County 0749,70749,1849
County 0750,70750,1850
County 0751,70751,1851
County 0752,70752,1852
County 0753,70753,1853
County 0754,70754,1854
County 0755,70755,1855
County 0756,70756,1856
County 0757,70757,1857
County 0758,70758,1858
County 0759,70759,1859
County 0760,70760,1860
County 0761,70761,1861
County 0762,70762,1862
County 0763,70763,1863
County 0764,70764,1864
County 0765,70765,1865
County 0766,70766,1866
County 0767,70767,1867
County 0768,70768,1868
County 0769,70769,1869
County 0770,70770,1870
County 0771,70771,1871
County 0772,70772,1872
County 0773,70773,1873
County 0774,70774,1874
County 0775,70775,1875
County 0776,70776,1876
County 0777,70777,1877
County 0778,70778,1878
County 0779,70779,1879
County 0780,70780,1880
County 0781,70781,1881
County 0782,70782,1882
County 0783,70783,1883
County 0784,70784,1884
County 0785,70785,1885
County 0786,70786,1886
County 0787,70787,1887
County 0788,70788,1888
County 0789,70789,1889
County 0790,70790,1890
County 0791,70791,1891
County 0792,70792,1892
County 0793,70793,1893
County 0794,70794,1894
County 0795,70795,1895
County 0796,70796,1896
County 0797,70797,1897
County 0798,70798,1898
County 0799,70799,1899
County 0800,70800,1500
County 0801,70801,1501
County 0802,70802,1502
County 0803,70803,1503
County 0804,70804,1504
County 0805,70805,1505
County 0806,70806,1506
County 0807,70807,1507
County 0808,70808,1508
County 0809,70809,1509
County 0810,70810,1510
County 0811,70811,1511
County 0812,70812,1512
County 0813,70813,1513
County 0814,70814,1514
County 0815,70815,1515
County 0816,70816,1516
County 0817,70817,1517
County 0818,70818,1518
County 0819,70819,1519
County 0820,70820,1520
County 0821,70821,1521
County 0822,70822,1522
County 0823,70823,1523
County 0824,70824,1524
County 0825,70825,1525
County 0826,70826,1526
County 0827,70827,1527
County 0828,70828,1528
County 0829,70829,1529
County 0830,70830,1530
County 0831,70831,1531
County 0832,70832,1532
County 0833,70833,1533
County 0834,70834,1534
County 0835,70835,1535
County 0836,70836,1536
County 0837,70837,1537
County 0838,70838,1538
County 0839,70839,1539
County 0840,70840,1540
County 0841,70841,1541
County 0842,70842,1542
County 0843,70843,1543
County 0844,70844,1544
County 0845,70845,1545
County 0846,70846,1546
County 0847,70847,1547
County 0848,70848,1548
County 0849,70849,1549
County 0850,70850,1550
County 0851,70851,1551
County 0852,70852,1552
County 0853,70853,1553
County 0854,70854,1554
County 0855,70855,1555
County 0856,70856,1556
County 0857,70857,1557
County 0858,70858,1558
County 0859,70859,1559
County 0860,70860,1560
County 0861,70861,1561
County 0862,70862,1562
County 0863,70863,1563
County 0864,70864,1564
County 0865,70865,1565
County 0866,70866,1566
County 0867,70867,1567
County 0868,70868,1568
County 0869,70869,1569
County 0870,70870,1570
County 0871,70871,1571
County 0872,70872,1572
County 0873,70873,1573
County 0874,70874,1574
County 0875,70875,1575
County 0876,70876,1576
County 0877,70877,1577
County 0878,70878,1578
County 0879,70879,1579
County 0880,70880,1580
County 0881,70881,1581
County 0882,70882,1582
County 0883,70883,1583
County 0884,70884,1584
County 0885,70885,1585
County 0886,70886,1586
County 0887,70887,1587
County 0888,70888,1588
County 0889,70889,1589
County 0890,70890,1590
County 0891,70891,1591
County 0892,70892,1592
County 0893,70893,1593
County 0894,70894,1594
County 0895,70895,1595
County 0896,70896,1596
County 0897,70897,1597
County 0898,70898,1598
County 0899,70899,1599
County 0900,70900,1600
County 0901,70901,1601
County 0902,70902,1602
County 0903,70903,1603
County 0904,70904,1604
County 0905,70905,1605
County 0906,70906,1606
County 0907,70907,1607
County 0908,70908,1608
County 0909,70909,1609
County 0910,70910,1610
County 0911,70911,1611
County 0912,70912,1612
County 0913,70913,1613
County 0914,70914,1614
County 0915,70915,1615
County 0916,70916,1616
County 0917,70917,1617
County 0918,70918,1618
County 0919,70919,1619
County 0920,70920,1620
County 0921,70921,1621
County 0922,70922,1622
County 0923,70923,1623
County 0924,70924,1624
County 0925,70925,1625
County 0926,70926,1626
County 0927,70927,1627
County 0928,70928,1628
County 0929,70929,1629
County 0930,70930,1630
County 0931,70931,1631
County 0932,70932,1632
County 0933,70933,1633
County 0934,70934,1634
County 0935,70935,1635
County 0936,70936,1636
County 0937,70937,1637
County 0938,70938,1638
County 0939,70939,1639
County 0940,70940,1640
County 0941,70941,1641
County 0942,70942,1642
County 0943,70943,1643
County 0944,70944,1644
County 0945,70945,1645
County 0946,70946,1646
County 0947,70947,1647
County 0948,70948,1648
County 0949,70949,1649
County 0950,70950,1650
County 0951,70951,1651
County 0952,70952,1652
County 0953,70953,1653
County 0954,70954,1654
County 0955,70955,1655
County 0956,70956,1656
County 0957,70957,1657
County 0958,70958,1658
County 0959,70959,1659
County 0960,70960,1660
County 0961,70961,1661
County 0962,70962,1662
County 0963,70963,1663
County 0964,70964,1664
County 0965,70965,1665
County 0966,70966,1666
County 0967,70967,1667
County 0968,70968,1668
County 0969,70969,1669
County 0970,70970,1670
County 0971,70971,1671
County 0972,70972,1672
County 0973,70973,1673
County 0974,70974,1674
County 0975,70975,1675
County 0976,70976,1676
County 0977,70977,1677
County 0978,70978,1678
County 0979,70979,1679
County 0980,70980,1680
County 0981,70981,1681
County 0982,70982,1682
County 0983,70983,1683
County 0984,70984,1684
County 0985,70985,1685
County 0986,70986,1686
County 0987,70987,1687
County 0988,70988,1688
County 0989,70989,1689
County 0990,70990,1690
County 0991,70991,1691
County 0992,70992,1692
County 0993,70993,1693
County 0994,70994,1694
County 0995,70995,1695
County 0996,70996,1696
County 0997,70997,1697
County 0998,70998,1698
County 0999,70999,1699
County 1000,71000,1700
County 1001,71001,1701
County 1002,71002,1702
County 1003,71003,1703
County 1004,71004,1704
County 1005,71005,1705
County 1006,71006,1706
County 1007,71007,1707
County 1008,71008,1708
County 1009,71009,1709
County 1010,71010,1710
County 1011,71011,1711
County 1012,71012,1712
County 1013,71013,1713
County 1014,71014,1714
County 1015,71015,1715
County 1016,71016,1716
County 1017,71017,1717
County 1018,71018,1718
County 1019,71019,1719
County 1020,71020,1720
County 1021,71021,1721
County 1022,71022,1722
County 1023,71023,1723
County 1024,71024,1724
County 1025,71025,1725
County 1026,71026,1726
County 1027,71027,1727
County 1028,71028,1728
County 1029,71029,1729
County 1030,71030,1730
County 1031,71031,1731
County 1032,71032,1732
County 1033,71033,1733
County 1034,71034,1734
County 1035,71035,1735
County 1036,71036,1736
County 1037,71037,1737
County 1038,71038,1738
County 1039,71039,1739
County 1040,71040,1740
County 1041,71041,1741
County 1042,71042,1742
County 1043,71043,1743
County 1044,71044,1744
County 1045,71045,1745
County 1046,71046,1746
County 1047,71047,1747
County 1048,71048,1748
County 1049,71049,1749
County 1050,71050,1750
County 1051,71051,1751
County 1052,71052,1752
County 1053,71053,1753
County 1054,71054,1754
County 1055,71055,1755
County 1056,71056,1756
County 1057,71057,1757
County 1058,71058,1758
County 1059,71059,1759
County 1060,71060,1760
County 1061,71061,1761
County 1062,71062,1762
County 1063,71063,1763
County 1064,71064,1764
County 1065,71065,1765
County 1066,71066,1766
County 1067,71067,1767
County 1068,71068,1768
County 1069,71069,1769
County 1070,71070,1770
County 1071,71071,1771
County 1072,71072,1772
County 1073,71073,1773
County 1074,71074,1774
County 1075,71075,1775
County 1076,71076,1776
County 1077,71077,1777
County 1078,71078,1778
County 1079,71079,1779
County 1080,71080,1780
County 1081,71081,1781
County 1082,71082,1782
County 1083,71083,1783
County 1084,71084,1784
County 1085,71085,1785
County 1086,71086,1786
County 1087,71087,1787
County 1088,71088,1788
County 1089,71089,1789
County 1090,71090,1790
County 1091,71091,1791
County 1092,71092,1792
County 1093,71093,1793
County 1094,71094,1794
County 1095,71095,1795
County 1096,71096,1796
County 1097,71097,1797
County 1098,71098,1798
County 1099,71099,1799
County 1100,71100,1800
County 1101,71101,1801
County 1102,71102,1802
County 1103,71103,1803
County 1104,71104,1804
County 1105,71105,1805
County 1106,71106,1806
County 1107,71107,1807
County 1108,71108,1808
County 1109,71109,1809
County 1110,71110,1810
County 1111,71111,1811
County 1112,71112,1812
County 1113,71113,1813
County 1114,71114,1814
County 1115,71115,1815
County 1116,71116,1816
County 1117,71117,1817
County 1118,71118,1818
County 1119,71119,1819
County 1120,71120,1820
County 1121,71121,1821
County 1122,71122,1822
County 1123,71123,1823
County 1124,71124,1824
County 1125,71125,1825
County 1126,71126,1826
County 1127,71127,1827
County 1128,71128,1828
County 1129,71129,1829
County 1130,71130,1830
County 1131,71131,1831
County 1132,71132,1832
County 1133,71133,1833
County 1134,71134,1834
County 1135,71135,1835
County 1136,71136,1836
County 1137,71137,1837
County 1138,71138,1838
County 1139,71139,1839
County 1140,71140,1840
County 1141,71141,1841
County 1142,71142,1842
County 1143,71143,1843
County 1144,71144,1844
County 1145,71145,1845
County 1146,71146,1846
County 1147,71147,1847
County 1148,71148,1848
County 1149,71149,1849
County 1150,71150,1850
County 1151,71151,1851
County 1152,71152,1852
County 1153,71153,1853
County 1154,71154,1854
County 1155,71155,1855
County 1156,71156,1856
County 1157,71157,1857
County 1158,71158,1858
County 1159,71159,1859
County 1160,71160,1860
County 1161,71161,1861
County 1162,71162,1862
County 1163,71163,1863
County 1164,71164,1864
County 1165,71165,1865
County 1166,71166,1866
County 1167,71167,1867
County 1168,71168,1868
County 1169,71169,1869
County 1170,71170,1870
County 1171,71171,1871
County 1172,71172,1872
County 1173,71173,1873
County 1174,71174,1874
County 1175,71175,1875
County 1176,71176,1876
County 1177,71177,1877
County 1178,71178,1878
County 1179,71179,1879
County 1180,71180,1880
County 1181,71181,1881
County 1182,71182,1882
County 1183,71183,1883
County 1184,71184,1884
County 1185,71185,1885
County 1186,71186,1886
County 1187,71187,1887
County 1188,71188,1888
County 1189,71189,1889
County 1190,71190,1890
County 1191,71191,1891
County 1192,71192,1892
County 1193,71193,1893
County 1194,71194,1894
County 1195,71195,1895
County 1196,71196,1896
County 1197,71197,1897
County 1198,71198,1898
County 1199,71199,1899
County 1200,71200,1500
County 1201,71201,1501
County 1202,71202,1502
County 1203,71203,1503
County 1204,71204,1504
County 1205,71205,1505
County 1206,71206,1506
County 1207,71207,1507
County 1208,71208,1508
County 1209,71209,1509
County 1210,71210,1510
County 1211,71211,1511
County 1212,71212,1512
County 1213,71213,1513
County 1214,71214,1514
County 1215,71215,1515
County 1216,71216,1516
County 1217,71217,1517
County 1218,71218,1518
County 1219,71219,1519
County 1220,71220,1520
County 1221,71221,1521
County 1222,71222,1522
County 1223,71223,1523
County 1224,71224,1524
County 1225,71225,1525
County 1226,71226,1526
County 1227,71227,1527
County 1228,71228,1528
County 1229,71229,1529
County 1230,71230,1530
County 1231,71231,1531
County 1232,71232,1532
County 1233,71233,1533
County 1234,71234,1534
County 1235,71235,1535
County 1236,71236,1536
County 1237,71237,1537
County 1238,71238,1538
County 1239,71239,1539
County 1240,71240,1540
County 1241,71241,1541
County 1242,71242,1542
County 1243,71243,1543
County 1244,71244,1544
County 1245,71245,1545
County 1246,71246,1546
County 1247,71247,1547
County 1248,71248,1548
County 1249,71249,1549
County 1250,71250,1550
County 1251,71251,1551
County 1252,71252,1552
County 1253,71253,1553
County 1254,71254,1554
County 1255,71255,1555
County 1256,71256,1556
County 1257,71257,1557
County 1258,71258,1558
County 1259,71259,1559
County 1260,71260,1560
County 1261,71261,1561
County 1262,71262,1562
County 1263,71263,1563
County 1264,71264,1564
County 1265,71265,1565
County 1266,71266,1566
County 1267,71267,1567
County 1268,71268,1568
County 1269,71269,1569
County 1270,71270,1570
County 1271,71271,1571
County 1272,71272,1572
County 1273,71273,1573
County 1274,71274,1574
County 1275,71275,1575
County 1276,71276,1576
County 1277,71277,1577
County 1278,71278,1578
County 1279,71279,1579
County 1280,71280,1580
County 1281,71281,1581
County 1282,71282,1582
County 1283,71283,1583
County 1284,71284,1584
County 1285,71285,1585
County 1286,71286,1586
County 1287,71287,1587
County 1288,71288,1588
County 1289,71289,1589
County 1290,71290,1590
County 1291,71291,1591
County 1292,71292,1592
County 1293,71293,1593
County 1294,71294,1594
County 1295,71295,1595
County 1296,71296,1596
County 1297,71297,1597
County 1298,71298,1598
County 1299,71299,1599
County 1300,71300,1600
County 1301,71301,1601
County 1302,71302,1602
County 1303,71303,1603
County 1304,71304,1604
County 1305,71305,1605
County 1306,71306,1606
County 1307,71307,1607
County 1308,71308,1608
County 1309,71309,1609
County 1310,71310,1610
County 1311,71311,1611
County 1312,71312,1612
County 1313,71313,1613
County 1314,71314,1614
County 1315,71315,1615
County 1316,71316,1616
County 1317,71317,1617
County 1318,71318,1618
County 1319,71319,1619
County 1320,71320,1620
County 1321,71321,1621
County 1322,71322,1622
County 1323,71323,1623
County 1324,71324,1624
County 1325,71325,1625
County 1326,71326,1626
County 1327,71327,1627
County 1328,71328,1628
County 1329,71329,1629
County 1330,71330,1630
County 1331,71331,1631
County 1332,71332,1632
County 1333,71333,1633
County 1334,71334,1634
County 1335,71335,1635
County 1336,71336,1636
County 1337,71337,1637
County 1338,71338,1638
County 1339,71339,1639
County 1340,71340,1640
County 1341,71341,1641
County 1342,71342,1642
County 1343,71343,1643
County 1344,71344,1644
County 1345,71345,1645
County 1346,71346,1646
County 1347,71347,1647
County 1348,71348,1648
County 1349,71349,1649
County 1350,71350,1650
County 1351,71351,1651
County 1352,71352,1652
County 1353,71353,1653
County 1354,71354,1654
County 1355,71355,1655
County 1356,71356,1656
County 1357,71357,1657
County 1358,71358,1658
County 1359,71359,1659
County 1360,71360,1660
County 1361,71361,1661
County 1362,71362,1662
County 1363,71363,1663
County 1364,71364,1664
County 1365,71365,1665
County 1366,71366,1666
County 1367,71367,1667
County 1368,71368,1668
County 1369,71369,1669
County 1370,71370,1670
County 1371,71371,1671
County 1372,71372,1672
County 1373,71373,1673
County 1374,71374,1674
County 1375,71375,1675
County 1376,71376,1676
County 1377,71377,1677
County 1378,71378,1678
County 1379,71379,1679
County 1380,71380,1680
County 1381,71381,1681
County 1382,71382,1682
County 1383,71383,1683
County 1384,71384,1684
County 1385,71385,1685
County 1386,71386,1686
County 1387,71387,1687
County 1388,71388,1688
County 1389,71389,1689
County 1390,71390,1690
County 1391,71391,1691
County 1392,71392,1692
County 1393,71393,1693
County 1394,71394,1694
County 1395,71395,1695
County 1396,71396,1696
County 1397,71397,1697
County 1398,71398,1698
County 1399,71399,1699
County 1400,71400,1700
County 1401,71401,1701
County 1402,71402,1702
County 1403,71403,1703
County 1404,71404,1704
County 1405,71405,1705
County 1406,71406,1706
County 1407,71407,1707
County 1408,71408,1708
County 1409,71409,1709
County 1410,71410,1710
County 1411,71411,1711
County 1412,71412,1712
County 1413,71413,1713
County 1414,71414,1714
County 1415,71415,1715
County 1416,71416,1716
County 1417,71417,1717
County 1418,71418,1718
County 1419,71419,1719
County 1420,71420,1720
County 1421,71421,1721
County 1422,71422,1722
County 1423,71423,1723
County 1424,71424,1724
County 1425,71425,1725
County 1426,71426,1726
County 1427,71427,1727
County 1428,71428,1728
County 1429,71429,1729
County 1430,71430,1730
County 1431,71431,1731
County 1432,71432,1732
County 1433,71433,1733
County 1434,71434,1734
County 1435,71435,1735
County 1436,71436,1736
County 1437,71437,1737
County 1438,71438,1738
County 1439,71439,1739
County 1440,71440,1740
County 1441,71441,1741
County 1442,71442,1742
County 1443,71443,1743
County 1444,71444,1744
County 1445,71445,1745
County 1446,71446,1746
County 1447,71447,1747
County 1448,71448,1748
County 1449,71449,1749
County 1450,71450,1750
County 1451,71451,1751
County 1452,71452,1752
County 1453,71453,1753
County 1454,71454,1754
County 1455,71455,1755
County 1456,71456,1756
County 1457,71457,1757
County 1458,71458,1758
County 1459,71459,1759
County 1460,71460,1760
County 1461,71461,1761
County 1462,71462,1762
County 1463,71463,1763
County 1464,71464,1764
County 1465,71465,1765
County 1466,71466,1766
County 1467,71467,1767
County 1468,71468,1768
County 1469,71469,1769
County 1470,71470,1770
County 1471,71471,1771
County 1472,71472,1772
County 1473,71473,1773
County 1474,71474,1774
County 1475,71475,1775
County 1476,71476,1776
County 1477,71477,1777
County 1478,71478,1778
County 1479,71479,1779
County 1480,71480,1780
County 1481,71481,1781
County 1482,71482,1782
County 1483,71483,1783
County 1484,71484,1784
County 1485,71485,1785
County 1486,71486,1786
County 1487,71487,1787
County 1488,71488,1788
County 1489,71489,1789
County 1490,71490,1790
County 1491,71491,1791
County 1492,71492,1792
County 1493,71493,1793
County 1494,71494,1794
County 1495,71495,1795
County 1496,71496,1796
County 1497,71497,1797
County 1498,71498,1798
County 1499,71499,1799
County 1500,71500,1800
County 1501,71501,1801
County 1502,71502,1802
County 1503,71503,1803
County 1504,71504,1804
County 1505,71505,1805
County 1506,71506,1806
County 1507,71507,1807
County 1508,71508,1808
County 1509,71509,1809
County 1510,71510,1810
County 1511,71511,1811
County 1512,71512,1812
County 1513,71513,1813
County 1514,71514,1814
County 1515,71515,1815
County 1516,71516,1816
County 1517,71517,1817
County 1518,71518,1818
County 1519,71519,1819
County 1520,71520,1820
County 1521,71521,1821
County 1522,71522,1822
County 1523,71523,1823
County 1524,71524,1824
County 1525,71525,1825
County 1526,71526,1826
County 1527,71527,1827
County 1528,71528,1828
County 1529,71529,1829
County 1530,71530,1830
County 1531,71531,1831
County 1532,71532,1832
County 1533,71533,1833
County 1534,71534,1834
County 1535,71535,1835
County 1536,71536,1836
County 1537,71537,1837
County 1538,71538,1838
County 1539,71539,1839
County 1540,71540,1840
County 1541,71541,1841
County 1542,71542,1842
County 1543,71543,1843
County 1544,71544,1844
County 1545,71545,1845
County 1546,71546,1846
County 1547,71547,1847
County 1548,71548,1848
County 1549,71549,1849
County 1550,71550,1850
County 1551,71551,1851
County 1552,71552,1852
County 1553,71553,1853
County 1554,71554,1854
County 1555,71555,1855
County 1556,71556,1856
County 1557,71557,1857
County 1558,71558,1858
County 1559,71559,1859
County 1560,71560,1860
County 1561,71561,1861
County 1562,71562,1862
County 1563,71563,1863
County 1564,71564,1864
County 1565,71565,1865
County 1566,71566,1866
County 1567,71567,1867
County 1568,71568,1868
County 1569,71569,1869
County 1570,71570,1870
County 1571,71571,1871
County 1572,71572,1872
County 1573,71573,1873
County 1574,71574,1874
County 1575,71575,1875
County 1576,71576,1876
County 1577,71577,1877
County 1578,71578,1878
County 1579,71579,1879
County 1580,71580,1880
County 1581,71581,1881
County 1582,71582,1882
County 1583,71583,1883
County 1584,71584,1884
County 1585,71585,1885
County 1586,71586,1886
County 1587,71587,1887
County 1588,71588,1888
County 1589,71589,1889
County 1590,71590,1890
County 1591,71591,1891
County 1592,71592,1892
County 1593,71593,1893
County 1594,71594,1894
County 1595,71595,1895
County 1596,71596,1896
County 1597,71597,1897
County 1598,71598,1898
County 1599,71599,1899
County 1600,71600,1500
County 1601,71601,1501
County 1602,71602,1502
County 1603,71603,1503
County 1604,71604,1504
County 1605,71605,1505
County 1606,71606,1506
County 1607,71607,1507
County 1608,71608,1508
County 1609,71609,1509
County 1610,71610,1510
County 1611,71611,1511
County 1612,71612,1512
County 1613,71613,1513
County 1614,71614,1514
County 1615,71615,1515
County 1616,71616,1516
County 1617,71617,1517
County 1618,71618,1518
County 1619,71619,1519
County 1620,71620,1520
County 1621,71621,1521
County 1622,71622,1522
County 1623,71623,1523
County 1624,71624,1524
County 1625,71625,1525
County 1626,71626,1526
County 1627,71627,1527
County 1628,71628,1528
County 1629,71629,1529
County 1630,71630,1530
County 1631,71631,1531
County 1632,71632,1532
County 1633,71633,1533
County 1634,71634,1534
County 1635,71635,1535
County 1636,71636,1536
County 1637,71637,1537
County 1638,71638,1538
County 1639,71639,1539
County 1640,71640,1540
County 1641,71641,1541
County 1642,71642,1542
County 1643,71643,1543
County 1644,71644,1544
County 1645,71645,1545
County 1646,71646,1546
County 1647,71647,1547
County 1648,71648,1548
County 1649,71649,1549
County 1650,71650,1550
County 1651,71651,1551
County 1652,71652,1552
County 1653,71653,1553
County 1654,71654,1554
County 1655,71655,1555
County 1656,71656,1556
County 1657,71657,1557
County 1658,71658,1558
County 1659,71659,1559
County 1660,71660,1560
County 1661,71661,1561
County 1662,71662,1562
County 1663,71663,1563
County 1664,71664,1564
County 1665,71665,1565
County 1666,71666,1566
County 1667,71667,1567
County 1668,71668,1568
County 1669,71669,1569
County 1670,71670,1570
County 1671,71671,1571
County 1672,71672,1572
County 1673,71673,1573
County 1674,71674,1574
County 1675,71675,1575
County 1676,71676,1576
County 1677,71677,1577
County 1678,71678,1578
County 1679,71679,1579
County 1680,71680,1580
County 1681,71681,1581
County 1682,71682,1582
County 1683,71683,1583
County 1684,71684,1584
County 1685,71685,1585
County 1686,71686,1586
County 1687,71687,1587
County 1688,71688,1588
County 1689,71689,1589
County 1690,71690,1590
County 1691,71691,1591
County 1692,71692,1592
County 1693,71693,1593
County 1694,71694,1594
County 1695,71695,1595
County 1696,71696,1596
County 1697,71697,1597
County 1698,71698,1598
County 1699,71699,1599
County 1700,71700,1600
County 1701,71701,1601
County 1702,71702,1602
County 1703,71703,1603
County 1704,71704,1604
County 1705,71705,1605
County 1706,71706,1606
County 1707,71707,1607
County 1708,71708,1608
County 1709,71709,1609
County 1710,71710,1610
County 1711,71711,1611
County 1712,71712,1612
County 1713,71713,1613
County 1714,71714,1614
County 1715,71715,1615
County 1716,71716,1616
County 1717,71717,1617
County 1718,71718,1618
County 1719,71719,1619
County 1720,71720,1620
County 1721,71721,1621
County 1722,71722,1622
County 1723,71723,1623
County 1724,71724,1624
County 1725,71725,1625
County 1726,71726,1626
County 1727,71727,1627
County 1728,71728,1628
County 1729,71729,1629
County 1730,71730,1630
County 1731,71731,1631
County 1732,71732,1632
County 1733,71733,1633
County 1734,71734,1634
County 1735,71735,1635
County 1736,71736,1636
County 1737,71737,1637
County 1738,71738,1638
County 1739,71739,1639
County 1740,71740,1640
County 1741,71741,1641
County 1742,71742,1642
County 1743,71743,1643
County 1744,71744,1644
County 1745,71745,1645
County 1746,71746,1646
County 1747,71747,1647
County 1748,71748,1648
County 1749,71749,1649
County 1750,71750,1650
County 1751,71751,1651
County 1752,71752,1652
County 1753,71753,1653
County 1754,71754,1654
County 1755,71755,1655
County 1756,71756,1656
County 1757,71757,1657
County 1758,71758,1658
County 1759,71759,1659
County 1760,71760,1660
County 1761,71761,1661
County 1762,71762,1662
County 1763,71763,1663
County 1764,71764,1664
County 1765,71765,1665
County 1766,71766,1666
County 1767,71767,1667
County 1768,71768,1668
County 1769,71769,1669
County 1770,71770,1670
County 1771,71771,1671
County 1772,71772,1672
County 1773,71773,1673
County 1774,71774,1674
County 1775,71775,1675
County 1776,71776,1676
County 1777,71777,1677
County 1778,71778,1678
County 1779,71779,1679
County 1780,71780,1680
County 1781,71781,1681
County 1782,71782,1682
County 1783,71783,1683
County 1784,71784,1684
County 1785,71785,1685
County 1786,71786,1686
County 1787,71787,1687
County 1788,71788,1688
County 1789,71789,1689
County 1790,71790,1690
County 1791,71791,1691
County 1792,71792,1692
County 1793,71793,1693
County 1794,71794,1694
County 1795,71795,1695
County 1796,71796,1696
County 1797,71797,1697
County 1798,71798,1698
County 1799,71799,1699
County 1800,71800,1700
County 1801,71801,1701
County 1802,71802,1702
County 1803,71803,1703
County 1804,71804,1704
County 1805,71805,1705
County 1806,71806,1706
County 1807,71807,1707
County 1808,71808,1708
County 1809,71809,1709
County 1810,71810,1710
County 1811,71811,1711
County 1812,71812,1712
County 1813,71813,1713
County 1814,71814,1714
County 1815,71815,1715
County 1816,71816,1716
County 1817,71817,1717
County 1818,71818,1718
County 1819,71819,1719
County 1820,71820,1720
County 1821,71821,1721
County 1822,71822,1722
County 1823,71823,1723
County 1824,71824,1724
County 1825,71825,1725
County 1826,71826,1726
County 1827,71827,1727
County 1828,71828,1728
County 1829,71829,1729
County 1830,71830,1730
County 1831,71831,1731
County 1832,71832,1732
County 1833,71833,1733
County 1834,71834,1734
County 1835,71835,1735
County 1836,71836,1736
County 1837,71837,1737
County 1838,71838,1738
County 1839,71839,1739
County 1840,71840,1740
County 1841,71841,1741
County 1842,71842,1742
County 1843,71843,1743
County 1844,71844,1744
County 1845,71845,1745
County 1846,71846,1746
County 1847,71847,1747
County 1848,71848,1748
County 1849,71849,1749
County 1850,71850,1750
County 1851,71851,1751
County 1852,71852,1752
County 1853,71853,1753
County 1854,71854,1754
County 1855,71855,1755
County 1856,71856,1756
County 1857,71857,1757
County 1858,71858,1758
County 1859,71859,1759
County 1860,71860,1760
County 1861,71861,1761
County 1862,71862,1762
County 1863,71863,1763
County 1864,71864,1764
County 1865,71865,1765
County 1866,71866,1766
County 1867,71867,1767
County 1868,71868,1768
County 1869,71869,1769
County 1870,71870,1770
County 1871,71871,1771
County 1872,71872,1772
County 1873,71873,1773
County 1874,71874,1774
County 1875,71875,1775
County 1876,71876,1776
County 1877,71877,1777
County 1878,71878,1778
County 1879,71879,1779
County 1880,71880,1780
County 1881,71881,1781
County 1882,71882,1782
County 1883,71883,1783
County 1884,71884,1784
County 1885,71885,1785
County 1886,71886,1786
County 1887,71887,1787
County 1888,71888,1788
County 1889,71889,1789
County 1890,71890,1790
County 1891,71891,1791
County 1892,71892,1792
County 1893,71893,1793
County 1894,71894,1794
County 1895,71895,1795
County 1896,71896,1796
County 1897,71897,1797
County 1898,71898,1798
County 1899,71899,1799
County 1900,71900,1800
County 1901,71901,1801
County 1902,71902,1802
County 1903,71903,1803
County 1904,71904,1804
County 1905,71905,1805
County 1906,71906,1806
County 1907,71907,1807
County 1908,71908,1808
County 1909,71909,1809
County 1910,71910,1810
County 1911,71911,1811
County 1912,71912,1812
County 1913,71913,1813
County 1914,71914,1814
County 1915,71915,1815
County 1916,71916,1816
County 1917,71917,1817
County 1918,71918,1818
County 1919,71919,1819
County 1920,71920,1820
County 1921,71921,1821
County 1922,71922,1822
County 1923,71923,1823
County 1924,71924,1824
County 1925,71925,1825
County 1926,71926,1826
County 1927,71927,1827
County 1928,71928,1828
County 1929,71929,1829
County 1930,71930,1830
County 1931,71931,1831
County 1932,71932,1832
County 1933,71933,1833
County 1934,71934,1834
County 1935,71935,1835
County 1936,71936,1836
County 1937,71937,1837
County 1938,71938,1838
County 1939,71939,1839
County 1940,71940,1840
County 1941,71941,1841
County 1942,71942,1842
County 1943,71943,1843
County 1944,71944,1844
County 1945,71945,1845
County 1946,71946,1846
County 1947,71947,1847
County 1948,71948,1848
County 1949,71949,1849
County 1950,71950,1850
County 1951,71951,1851
County 1952,71952,1852
County 1953,71953,1853
County 1954,71954,1854
County 1955,71955,1855
County 1956,71956,1856
County 1957,71957,1857
County 1958,71958,1858
County 1959,71959,1859
County 1960,71960,1860
County 1961,71961,1861
County 1962,71962,1862
County 1963,71963,1863
County 1964,71964,1864
County 1965,71965,1865
County 1966,71966,1866
County 1967,71967,1867
County 1968,71968,1868
County 1969,71969,1869
County 1970,71970,1870
County 1971,71971,1871
County 1972,71972,1872
County 1973,71973,1873
County 1974,71974,1874
County 1975,71975,1875
County 1976,71976,1876
County 1977,71977,1877
County 1978,71978,1878
County 1979,71979,1879
County 1980,71980,1880
County 1981,71981,1881
County 1982,71982,1882
County 1983,71983,1883
County 1984,71984,1884
County 1985,71985,1885
County 1986,71986,1886
County 1987,71987,1887
County 1988,71988,1888
County 1989,71989,1889
County 1990,71990,1890
County 1991,71991,1891
County 1992,71992,1892
County 1993,71993,1893
County 1994,71994,1894
County 1995,71995,1895
County 1996,71996,1896
County 1997,71997,1897
County 1998,71998,1898
County 1999,71999,1899
County 2000,72000,1500
County 2001,72001,1501
County 2002,72002,1502
County 2003,72003,1503
County 2004,72004,1504
County 2005,72005,1505
County 2006,72006,1506
County 2007,72007,1507
County 2008,72008,1508
County 2009,72009,1509
County 2010,72010,1510
County 2011,72011,1511
County 2012,72012,1512
County 2013,72013,1513
County 2014,72014,1514
County 2015,72015,1515
County 2016,72016,1516
County 2017,72017,1517
County 2018,72018,1518
County 2019,72019,1519
County 2020,72020,1520
County 2021,72021,1521
County 2022,72022,1522
County 2023,72023,1523
County 2024,72024,1524
County 2025,72025,1525
County 2026,72026,1526
County 2027,72027,1527
County 2028,72028,1528
County 2029,72029,1529
County 2030,72030,1530
County 2031,72031,1531
County 2032,72032,1532
County 2033,72033,1533
County 2034,72034,1534
County 2035,72035,1535
County 2036,72036,1536
County 2037,72037,1537
County 2038,72038,1538
County 2039,72039,1539
County 2040,72040,1540
County 2041,72041,1541
County 2042,72042,1542
County 2043,72043,1543
County 2044,72044,1544
County 2045,72045,1545
County 2046,72046,1546
County 2047,72047,1547
County 2048,72048,1548
County 2049,72049,1549
County 2050,72050,1550
County 2051,72051,1551
County 2052,72052,1552
County 2053,72053,1553
County 2054,72054,1554
County 2055,72055,1555
County 2056,72056,1556
County 2057,72057,1557
County 2058,72058,1558
County 2059,72059,1559
County 2060,72060,1560
County 2061,72061,1561
County 2062,72062,1562
County 2063,72063,1563
County 2064,72064,1564
County 2065,72065,1565
County 2066,72066,1566
County 2067,72067,1567
County 2068,72068,1568
County 2069,72069,1569
County 2070,72070,1570
County 2071,72071,1571
County 2072,72072,1572
County 2073,72073,1573
County 2074,72074,1574
County 2075,72075,1575
County 2076,72076,1576
County 2077,72077,1577
County 2078,72078,1578
County 2079,72079,1579
County 2080,72080,1580
County 2081,72081,1581
County 2082,72082,1582
County 2083,72083,1583
County 2084,72084,1584
County 2085,72085,1585
County 2086,72086,1586
County 2087,72087,1587
County 2088,72088,1588
County 2089,72089,1589
County 2090,72090,1590
County 2091,72091,1591
County 2092,72092,1592
County 2093,72093,1593
County 2094,72094,1594
County 2095,72095,1595
County 2096,72096,1596
County 2097,72097,1597
County 2098,72098,1598
County 2099,72099,1599
County 2100,72100,1600
County 2101,72101,1601
County 2102,72102,1602
County 2103,72103,1603
County 2104,72104,1604
County 2105,72105,1605
County 2106,72106,1606
County 2107,72107,1607
County 2108,72108,1608
County 2109,72109,1609
County 2110,72110,1610
County 2111,72111,1611
County 2112,72112,1612
County 2113,72113,1613
County 2114,72114,1614
County 2115,72115,1615
County 2116,72116,1616
County 2117,72117,1617
County 2118,72118,1618
County 2119,72119,1619
County 2120,72120,1620
County 2121,72121,1621
County 2122,72122,1622
County 2123,72123,1623
County 2124,72124,1624
County 2125,72125,1625
County 2126,72126,1626
County 2127,72127,1627
County 2128,72128,1628
County 2129,72129,1629
County 2130,72130,1630
County 2131,72131,1631
County 2132,72132,1632
County 2133,72133,1633
County 2134,72134,1634
County 2135,72135,1635
County 2136,72136,1636
County 2137,72137,1637
County 2138,72138,1638
County 2139,72139,1639
County 2140,72140,1640
County 2141,72141,1641
County 2142,72142,1642
County 2143,72143,1643
County 2144,72144,1644
County 2145,72145,1645
County 2146,72146,1646
County 2147,72147,1647
County 2148,72148,1648
County 2149,72149,1649
County 2150,72150,1650
County 2151,72151,1651
County 2152,72152,1652
County 2153,72153,1653
County 2154,72154,1654
County 2155,72155,1655
County 2156,72156,1656
County 2157,72157,1657
County 2158,72158,1658
County 2159,72159,1659
County 2160,72160,1660
County 2161,72161,1661
County 2162,72162,1662
County 2163,72163,1663
County 2164,72164,1664
County 2165,72165,1665
County 2166,72166,1666
County 2167,72167,1667
County 2168,72168,1668
County 2169,72169,1669
County 2170,72170,1670
County 2171,72171,1671
County 2172,72172,1672
County 2173,72173,1673
County 2174,72174,1674
County 2175,72175,1675
County 2176,72176,1676
County 2177,72177,1677
County 2178,72178,1678
County 2179,72179,1679
County 2180,72180,1680
County 2181,72181,1681
County 2182,72182,1682
County 2183,72183,1683
County 2184,72184,1684
County 2185,72185,1685
County 2186,72186,1686
County 2187,72187,1687
County 2188,72188,1688
County 2189,72189,1689
County 2190,72190,1690
County 2191,72191,1691
County 2192,72192,1692
County 2193,72193,1693
County 2194,72194,1694
County 2195,72195,1695
County 2196,72196,1696
County 2197,72197,1697
County 2198,72198,1698
County 2199,72199,1699
County 2200,72200,1700
County 2201,72201,1701
County 2202,72202,1702
County 2203,72203,1703
County 2204,72204,1704
County 2205,72205,1705
County 2206,72206,1706
County 2207,72207,1707
County 2208,72208,1708
County 2209,72209,1709
County 2210,72210,1710
County 2211,72211,1711
County 2212,72212,1712
County 2213,72213,1713
County 2214,72214,1714
County 2215,72215,1715
County 2216,72216,1716
County 2217,72217,1717
County 2218,72218,1718
County 2219,72219,1719
County 2220,72220,1720
County 2221,72221,1721
County 2222,72222,1722
County 2223,72223,1723
County 2224,72224,1724
County 2225,72225,1725
County 2226,72226,1726
County 2227,72227,1727
County 2228,72228,1728
County 2229,72229,1729
County 2230,72230,1730
County 2231,72231,1731
County 2232,72232,1732
County 2233,72233,1733
County 2234,72234,1734
County 2235,72235,1735
County 2236,72236,1736
County 2237,72237,1737
County 2238,72238,1738
County 2239,72239,1739
County 2240,72240,1740
County 2241,72241,1741
County 2242,72242,1742
County 2243,72243,1743
County 2244,72244,1744
County 2245,72245,1745
County 2246,72246,1746
County 2247,72247,1747
County 2248,72248,1748
County 2249,72249,1749
County 2250,72250,1750
County 2251,72251,1751
County 2252,72252,1752
County 2253,72253,1753
County 2254,72254,1754
County 2255,72255,1755
County 2256,72256,1756
County 2257,72257,1757
County 2258,72258,1758
County 2259,72259,1759
County 2260,72260,1760
County 2261,72261,1761
County 2262,72262,1762
County 2263,72263,1763
County 2264,72264,1764
County 2265,72265,1765
County 2266,72266,1766
County 2267,72267,1767
County 2268,72268,1768
County 2269,72269,1769
County 2270,72270,1770
County 2271,72271,1771
County 2272,72272,1772
County 2273,72273,1773
County 2274,72274,1774
County 2275,72275,1775
County 2276,72276,1776
County 2277,72277,1777
County 2278,72278,1778
County 2279,72279,1779
County 2280,72280,1780
County 2281,72281,1781
County 2282,72282,1782
County 2283,72283,1783
County 2284,72284,1784
County 2285,72285,1785
County 2286,72286,1786
County 2287,72287,1787
County 2288,72288,1788
County 2289,72289,1789
County 2290,72290,1790
County 2291,72291,1791
County 2292,72292,1792
County 2293,72293,1793
County 2294,72294,1794
County 2295,72295,1795
County 2296,72296,1796
County 2297,72297,1797
County 2298,72298,1798
County 2299,72299,1799
County 2300,72300,1800
County 2301,72301,1801
County 2302,72302,1802
County 2303,72303,1803
County 2304,72304,1804
County 2305,72305,1805
County 2306,72306,1806
County 2307,72307,1807
County 2308,72308,1808
County 2309,72309,1809
County 2310,72310,1810
County 2311,72311,1811
County 2312,72312,1812
County 2313,72313,1813
County 2314,72314,1814
County 2315,72315,1815
County 2316,72316,1816
County 2317,72317,1817
County 2318,72318,1818
County 2319,72319,1819
County 2320,72320,1820
County 2321,72321,1821
County 2322,72322,1822
County 2323,72323,1823
County 2324,72324,1824
County 2325,72325,1825
County 2326,72326,1826
County 2327,72327,1827
County 2328,72328,1828
County 2329,72329,1829
County 2330,72330,1830
County 2331,72331,1831
County 2332,72332,1832
County 2333,72333,1833
County 2334,72334,1834
County 2335,72335,1835
County 2336,72336,1836
County 2337,72337,1837
County 2338,72338,1838
County 2339,72339,1839
County 2340,72340,1840
County 2341,72341,1841
County 2342,72342,1842
County 2343,72343,1843
County 2344,72344,1844
County 2345,72345,1845
County 2346,72346,1846
County 2347,72347,1847
County 2348,72348,1848
County 2349,72349,1849
County 2350,72350,1850
County 2351,72351,1851
County 2352,72352,1852
County 2353,72353,1853
County 2354,72354,1854
County 2355,72355,1855
County 2356,72356,1856
County 2357,72357,1857
County 2358,72358,1858
County 2359,72359,1859
County 2360,72360,1860
County 2361,72361,1861
County 2362,72362,1862
County 2363,72363,1863
County 2364,72364,1864
County 2365,72365,1865
County 2366,72366,1866
County 2367,72367,1867
County 2368,72368,1868
County 2369,72369,1869
County 2370,72370,1870
County 2371,72371,1871
County 2372,72372,1872
County 2373,72373,1873
County 2374,72374,1874
County 2375,72375,1875
County 2376,72376,1876
County 2377,72377,1877
County 2378,72378,1878
County 2379,72379,1879
County 2380,72380,1880
County 2381,72381,1881
County 2382,72382,1882
County 2383,72383,1883
County 2384,72384,1884
County 2385,72385,1885
County 2386,72386,1886
County 2387,72387,1887
County 2388,72388,1888
County 2389,72389,1889
County 2390,72390,1890
County 2391,72391,1891
County 2392,72392,1892
County 2393,72393,1893
County 2394,72394,1894
County 2395,72395,1895
County 2396,72396,1896
County 2397,72397,1897
County 2398,72398,1898
County 2399,72399,1899
County 2400,72400,1500
County 2401,72401,1501
County 2402,72402,1502
County 2403,72403,1503
County 2404,72404,1504
County 2405,72405,1505
County 2406,72406,1506
County 2407,72407,1507
County 2408,72408,1508
County 2409,72409,1509
County 2410,72410,1510
County 2411,72411,1511
County 2412,72412,1512
County 2413,72413,1513
County 2414,72414,1514
County 2415,72415,1515
County 2416,72416,1516
County 2417,72417,1517
County 2418,72418,1518
County 2419,72419,1519
County 2420,72420,1520
County 2421,72421,1521
County 2422,72422,1522
County 2423,72423,1523
County 2424,72424,1524
County 2425,72425,1525
County 2426,72426,1526
County 2427,72427,1527
County 2428,72428,1528
County 2429,72429,1529
County 2430,72430,1530
County 2431,72431,1531
County 2432,72432,1532
County 2433,72433,1533
County 2434,72434,1534
County 2435,72435,1535
County 2436,72436,1536
County 2437,72437,1537
County 2438,72438,1538
County 2439,72439,1539
County 2440,72440,1540
County 2441,72441,1541
County 2442,72442,1542
County 2443,72443,1543
County 2444,72444,1544
County 2445,72445,1545
County 2446,72446,1546
County 2447,72447,1547
County 2448,72448,1548
County 2449,72449,1549
County 2450,72450,1550
County 2451,72451,1551
County 2452,72452,1552
County 2453,72453,1553
County 2454,72454,1554
County 2455,72455,1555
County 2456,72456,1556
County 2457,72457,1557
County 2458,72458,1558
County 2459,72459,1559
County 2460,72460,1560
County 2461,72461,1561
County 2462,72462,1562
County 2463,72463,1563
County 2464,72464,1564
County 2465,72465,1565
County 2466,72466,1566
County 2467,72467,1567
County 2468,72468,1568
County 2469,72469,1569
County 2470,72470,1570
County 2471,72471,1571
County 2472,72472,1572
County 2473,72473,1573
County 2474,72474,1574
County 2475,72475,1575
County 2476,72476,1576
County 2477,72477,1577
County 2478,72478,1578
County 2479,72479,1579
County 2480,72480,1580
County 2481,72481,1581
County 2482,72482,1582
County 2483,72483,1583
County 2484,72484,1584
County 2485,72485,1585
County 2486,72486,1586
County 2487,72487,1587
County 2488,72488,1588
County 2489,72489,1589
County 2490,72490,1590
County 2491,72491,1591
County 2492,72492,1592
County 2493,72493,1593
County 2494,72494,1594
County 2495,72495,1595
County 2496,72496,1596
County 2497,72497,1597
County 2498,72498,1598
County 2499,72499,1599
County 2500,72500,1600
County 2501,72501,1601
County 2502,72502,1602
County 2503,72503,1603
County 2504,72504,1604
County 2505,72505,1605
County 2506,72506,1606
County 2507,72507,1607
County 2508,72508,1608
County 2509,72509,1609
County 2510,72510,1610
County 2511,72511,1611
County 2512,72512,1612
County 2513,72513,1613
County 2514,72514,1614
County 2515,72515,1615
County 2516,72516,1616
County 2517,72517,1617
County 2518,72518,1618
County 2519,72519,1619
County 2520,72520,1620
County 2521,72521,1621
County 2522,72522,1622
County 2523,72523,1623
County 2524,72524,1624
County 2525,72525,1625
County 2526,72526,1626
County 2527,72527,1627
County 2528,72528,1628
County 2529,72529,1629
County 2530,72530,1630
County 2531,72531,1631
County 2532,72532,1632
County 2533,72533,1633
County 2534,72534,1634
County 2535,72535,1635
County 2536,72536,1636
County 2537,72537,1637
County 2538,72538,1638
County 2539,72539,1639
County 2540,72540,1640
County 2541,72541,1641
County 2542,72542,1642
County 2543,72543,1643
County 2544,72544,1644
County 2545,72545,1645
County 2546,72546,1646
County 2547,72547,1647
County 2548,72548,1648
County 2549,72549,1649
County 2550,72550,1650
County 2551,72551,1651
County 2552,72552,1652
County 2553,72553,1653
County 2554,72554,1654
County 2555,72555,1655
County 2556,72556,1656
County 2557,72557,1657
County 2558,72558,1658
County 2559,72559,1659
County 2560,72560,1660
County 2561,72561,1661
County 2562,72562,1662
County 2563,72563,1663
County 2564,72564,1664
County 2565,72565,1665
County 2566,72566,1666
County 2567,72567,1667
County 2568,72568,1668
County 2569,72569,1669
County 2570,72570,1670
County 2571,72571,1671
County 2572,72572,1672
County 2573,72573,1673
County 2574,72574,1674
County 2575,72575,1675
County 2576,72576,1676
County 2577,72577,1677
County 2578,72578,1678
County 2579,72579,1679
County 2580,72580,1680
County 2581,72581,1681
County 2582,72582,1682
County 2583,72583,1683
County 2584,72584,1684
County 2585,72585,1685
County 2586,72586,1686
County 2587,72587,1687
County 2588,72588,1688
County 2589,72589,1689
County 2590,72590,1690
County 2591,72591,1691
County 2592,72592,1692
County 2593,72593,1693
County 2594,72594,1694
County 2595,72595,1695
County 2596,72596,1696
County 2597,72597,1697
County 2598,72598,1698
County 2599,72599,1699
County 2600,72600,1700
County 2601,72601,1701
County 2602,72602,1702
County 2603,72603,1703
County 2604,72604,1704
County 2605,72605,1705
County 2606,72606,1706
County 2607,72607,1707
County 2608,72608,1708
County 2609,72609,1709
County 2610,72610,1710
County 2611,72611,1711
County 2612,72612,1712
County 2613,72613,1713
County 2614,72614,1714
County 2615,72615,1715
County 2616,72616,1716
County 2617,72617,1717
County 2618,72618,1718
County 2619,72619,1719
County 2620,72620,1720
County 2621,72621,1721
County 2622,72622,1722
County 2623,72623,1723
County 2624,72624,1724
County 2625,72625,1725
County 2626,72626,1726
County 2627,72627,1727
County 2628,72628,1728
County 2629,72629,1729
County 2630,72630,1730
County 2631,72631,1731
County 2632,72632,1732
County 2633,72633,1733
County 2634,72634,1734
County 2635,72635,1735
County 2636,72636,1736
County 2637,72637,1737
County 2638,72638,1738
County 2639,72639,1739
County 2640,72640,1740
County 2641,72641,1741
County 2642,72642,1742
County 2643,72643,1743
County 2644,72644,1744
County 2645,72645,1745
County 2646,72646,1746
County 2647,72647,1747
County 2648,72648,1748
County 2649,72649,1749
County 2650,72650,1750
County 2651,72651,1751
County 2652,72652,1752
County 2653,72653,1753
County 2654,72654,1754
County 2655,72655,1755
County 2656,72656,1756
County 2657,72657,1757
County 2658,72658,1758
County 2659,72659,1759
County 2660,72660,1760
County 2661,72661,1761
County 2662,72662,1762
County 2663,72663,1763
County 2664,72664,1764
County 2665,72665,1765
County 2666,72666,1766
County 2667,72667,1767
County 2668,72668,1768
County 2669,72669,1769
County 2670,72670,1770
County 2671,72671,1771
County 2672,72672,1772
County 2673,72673,1773
County 2674,72674,1774
County 2675,72675,1775
County 2676,72676,1776
County 2677,72677,1777
County 2678,72678,1778
County 2679,72679,1779
County 2680,72680,1780
County 2681,72681,1781
County 2682,72682,1782
County 2683,72683,1783
County 2684,72684,1784
County 2685,72685,1785
County 2686,72686,1786
County 2687,72687,1787
County 2688,72688,1788
County 2689,72689,1789
County 2690,72690,1790
County 2691,72691,1791
County 2692,72692,1792
County 2693,72693,1793
County 2694,72694,1794
County 2695,72695,1795
County 2696,72696,1796
County 2697,72697,1797
County 2698,72698,1798
County 2699,72699,1799
County 2700,72700,1800
County 2701,72701,1801
County 2702,72702,1802
County 2703,72703,1803
County 2704,72704,1804
County 2705,72705,1805
County 2706,72706,1806
County 2707,72707,1807
County 2708,72708,1808
County 2709,72709,1809
County 2710,72710,1810
County 2711,72711,1811
County 2712,72712,1812
County 2713,72713,1813
County 2714,72714,1814
County 2715,72715,1815
County 2716,72716,1816
County 2717,72717,1817
County 2718,72718,1818
County 2719,72719,1819
County 2720,72720,1820
County 2721,72721,1821
County 2722,72722,1822
County 2723,72723,1823
County 2724,72724,1824
County 2725,72725,1825
County 2726,72726,1826
County 2727,72727,1827
County 2728,72728,1828
County 2729,72729,1829
County 2730,72730,1830
County 2731,72731,1831
County 2732,72732,1832
County 2733,72733,1833
County 2734,72734,1834
County 2735,72735,1835
County 2736,72736,1836
County 2737,72737,1837
County 2738,72738,1838
County 2739,72739,1839
County 2740,72740,1840
County 2741,72741,1841
County 2742,72742,1842
County 2743,72743,1843
County 2744,72744,1844
County 2745,72745,1845
County 2746,72746,1846
County 2747,72747,1847
County 2748,72748,1848
County 2749,72749,1849
County 2750,72750,1850
County 2751,72751,1851
County 2752,72752,1852
County 2753,72753,1853
County 2754,72754,1854
County 2755,72755,1855
County 2756,72756,1856
County 2757,72757,1857
County 2758,72758,1858
County 2759,72759,1859
County 2760,72760,1860
County 2761,72761,1861
County 2762,72762,1862
County 2763,72763,1863
County 2764,72764,1864
County 2765,72765,1865
County 2766,72766,1866
County 2767,72767,1867
County 2768,72768,1868
County 2769,72769,1869
County 2770,72770,1870
County 2771,72771,1871
County 2772,72772,1872
County 2773,72773,1873
County 2774,72774,1874
County 2775,72775,1875
County 2776,72776,1876
County 2777,72777,1877
County 2778,72778,1878
County 2779,72779,1879
County 2780,72780,1880
County 2781,72781,1881
County 2782,72782,1882
County 2783,72783,1883
County 2784,72784,1884
County 2785,72785,1885
County 2786,72786,1886
County 2787,72787,1887
County 2788,72788,1888
County 2789,72789,1889
County 2790,72790,1890
County 2791,72791,1891
County 2792,72792,1892
County 2793,72793,1893
County 2794,72794,1894
County 2795,72795,1895
County 2796,72796,1896
County 2797,72797,1897
County 2798,72798,1898
County 2799,72799,1899
County 2800,72800,1500
County 2801,72801,1501
County 2802,72802,1502
County 2803,72803,1503
County 2804,72804,1504
County 2805,72805,1505
County 2806,72806,1506
County 2807,72807,1507
County 2808,72808,1508
County 2809,72809,1509
County 2810,72810,1510
County 2811,72811,1511
County 2812,72812,1512
County 2813,72813,1513
County 2814,72814,1514
County 2815,72815,1515
County 2816,72816,1516
County 2817,72817,1517
County 2818,72818,1518
County 2819,72819,1519
County 2820,72820,1520
County 2821,72821,1521
County 2822,72822,1522
County 2823,72823,1523
County 2824,72824,1524
County 2825,72825,1525
County 2826,72826,1526
County 2827,72827,1527
County 2828,72828,1528
County 2829,72829,1529
County 2830,72830,1530
County 2831,72831,1531
County 2832,72832,1532
County 2833,72833,1533
County 2834,72834,1534
County 2835,72835,1535
County 2836,72836,1536
County 2837,72837,1537
County 2838,72838,1538
County 2839,72839,1539
County 2840,72840,1540
County 2841,72841,1541
County 2842,72842,1542
County 2843,72843,1543
County 2844,72844,1544
County 2845,72845,1545
County 2846,72846,1546
County 2847,72847,1547
County 2848,72848,1548
County 2849,72849,1549
County 2850,72850,1550
County 2851,72851,1551
County 2852,72852,1552
County 2853,72853,1553
County 2854,72854,1554
County 2855,72855,1555
County 2856,72856,1556
County 2857,72857,1557
County 2858,72858,1558
County 2859,72859,1559
County 2860,72860,1560
County 2861,72861,1561
County 2862,72862,1562
County 2863,72863,1563
County 2864,72864,1564
County 2865,72865,1565
County 2866,72866,1566
County 2867,72867,1567
County 2868,72868,1568
County 2869,72869,1569
County 2870,72870,1570
County 2871,72871,1571
County 2872,72872,1572
County 2873,72873,1573
County 2874,72874,1574
County 2875,72875,1575
County 2876,72876,1576
County 2877,72877,1577
County 2878,72878,1578
County 2879,72879,1579
County 2880,72880,1580
County 2881,72881,1581
County 2882,72882,1582
County 2883,72883,1583
County 2884,72884,1584
County 2885,72885,1585
County 2886,72886,1586
County 2887,72887,1587
County 2888,72888,1588
County 2889,72889,1589
County 2890,72890,1590
County 2891,72891,1591
County 2892,72892,1592
County 2893,72893,1593
County 2894,72894,1594
County 2895,72895,1595
County 2896,72896,1596
County 2897,72897,1597
County 2898,72898,1598
County 2899,72899,1599
County 2900,72900,1600
County 2901,72901,1601
County 2902,72902,1602
County 2903,72903,1603
County 2904,72904,1604
County 2905,72905,1605
County 2906,72906,1606
County 2907,72907,1607
County 2908,72908,1608
County 2909,72909,1609
County 2910,72910,1610
County 2911,72911,1611
County 2912,72912,1612
County 2913,72913,1613
County 2914,72914,1614
County 2915,72915,1615
County 2916,72916,1616
County 2917,72917,1617
County 2918,72918,1618
County 2919,72919,1619
County 2920,72920,1620
County 2921,72921,1621
County 2922,72922,1622
County 2923,72923,1623
County 2924,72924,1624
County 2925,72925,1625
County 2926,72926,1626
County 2927,72927,1627
County 2928,72928,1628
County 2929,72929,1629
County 2930,72930,1630
County 2931,72931,1631
County 2932,72932,1632
County 2933,72933,1633
County 2934,72934,1634
County 2935,72935,1635
County 2936,72936,1636
County 2937,72937,1637
County 2938,72938,1638
County 2939,72939,1639
County 2940,72940,1640
County 2941,72941,1641
County 2942,72942,1642
County 2943,72943,1643
County 2944,72944,1644
County 2945,72945,1645
County 2946,72946,1646
County 2947,72947,1647
County 2948,72948,1648
County 2949,72949,1649
County 2950,72950,1650
County 2951,72951,1651
County 2952,72952,1652
County 2953,72953,1653
County 2954,72954,1654
County 2955,72955,1655
County 2956,72956,1656
County 2957,72957,1657
County 2958,72958,1658
County 2959,72959,1659
County 2960,72960,1660
County 2961,72961,1661
County 2962,72962,1662
County 2963,72963,1663
County 2964,72964,1664
County 2965,72965,1665
County 2966,72966,1666
County 2967,72967,1667
County 2968,72968,1668
County 2969,72969,1669
County 2970,72970,1670
County 2971,72971,1671
County 2972,72972,1672
County 2973,72973,1673
County 2974,72974,1674
County 2975,72975,1675
County 2976,72976,1676
County 2977,72977,1677
County 2978,72978,1678
County 2979,72979,1679
County 2980,72980,1680
County 2981,72981,1681
County 2982,72982,1682
County 2983,72983,1683
County 2984,72984,1684
County 2985,72985,1685
County 2986,72986,1686
County 2987,72987,1687
County 2988,72988,1688
County 2989,72989,1689
County 2990,72990,1690
County 2991,72991,1691
County 2992,72992,1692
County 2993,72993,1693
County 2994,72994,1694
County 2995,72995,1695
County 2996,72996,1696
County 2997,72997,1697
County 2998,72998,1698
County 2999,72999,1699
County 3000,73000,1700
County 3001,73001,1701
County 3002,73002,1702
County 3003,73003,1703
County 3004,73004,1704
County 3005,73005,1705
County 3006,73006,1706
County 3007,73007,1707
County 3008,73008,1708
County 3009,73009,1709
County 3010,73010,1710
County 3011,73011,1711
County 3012,73012,1712
County 3013,73013,1713
County 3014,73014,1714
County 3015,73015,1715
County 3016,73016,1716
County 3017,73017,1717
County 3018,73018,1718
County 3019,73019,1719
County 3020,73020,1720
County 3021,73021,1721
County 3022,73022,1722
County 3023,73023,1723
County 3024,73024,1724
County 3025,73025,1725
County 3026,73026,1726
County 3027,73027,1727
County 3028,73028,1728
County 3029,73029,1729
County 3030,73030,1730
County 3031,73031,1731
County 3032,73032,1732
County 3033,73033,1733
County 3034,73034,1734
County 3035,73035,1735
County 3036,73036,1736
County 3037,73037,1737
County 3038,73038,1738
County 3039,73039,1739
County 3040,73040,1740
County 3041,73041,1741
County 3042,73042,1742
County 3043,73043,1743
County 3044,73044,1744
County 3045,73045,1745
County 3046,73046,1746
County 3047,73047,1747
County 3048,73048,1748
County 3049,73049,1749
County 3050,73050,1750
County 3051,73051,1751
County 3052,73052,1752
County 3053,73053,1753
County 3054,73054,1754
County 3055,73055,1755
County 3056,73056,1756
County 3057,73057,1757
County 3058,73058,1758
County 3059,73059,1759
County 3060,73060,1760
County 3061,73061,1761
County 3062,73062,1762
County 3063,73063,1763
County 3064,73064,1764
County 3065,73065,1765
County 3066,73066,1766
County 3067,73067,1767
County 3068,73068,1768
County 3069,73069,1769
County 3070,73070,1770
County 3071,73071,1771
County 3072,73072,1772
County 3073,73073,1773
County 3074,73074,1774
County 3075,73075,1775
County 3076,73076,1776
County 3077,73077,1777
County 3078,73078,1778
County 3079,73079,1779
County 3080,73080,1780
County 3081,73081,1781
County 3082,73082,1782
County 3083,73083,1783
County 3084,73084,1784
County 3085,73085,1785
County 3086,73086,1786
County 3087,73087,1787
County 3088,73088,1788
County 3089,73089,1789
County 3090,73090,1790
County 3091,73091,1791
County 3092,73092,1792
County 3093,73093,1793
County 3094,73094,1794
County 3095,73095,1795
County 3096,73096,1796
County 3097,73097,1797
County 3098,73098,1798
County 3099,73099,1799
County 3100,73100,1800
County 3101,73101,1801
County 3102,73102,1802
County 3103,73103,1803
County 3104,73104,1804
County 3105,73105,1805
County 3106,73106,1806
County 3107,73107,1807
County 3108,73108,1808
County 3109,73109,1809
County 3110,73110,1810
County 3111,73111,1811
County 3112,73112,1812
County 3113,73113,1813
County 3114,73114,1814
County 3115,73115,1815
County 3116,73116,1816
County 3117,73117,1817
County 3118,73118,1818
County 3119,73119,1819
County 3120,73120,1820
County 3121,73121,1821
County 3122,73122,1822
County 3123,73123,1823
County 3124,73124,1824
County 3125,73125,1825
County 3126,73126,1826
County 3127,73127,1827
County 3128,73128,1828
County 3129,73129,1829
County 3130,73130,1830
County 3131,73131,1831
County 3132,73132,1832
County 3133,73133,1833
County 3134,73134,1834
County 3135,73135,1835
County 3136,73136,1836
County 3137,73137,1837
County 3138,73138,1838
County 3139,73139,1839
County 3140,73140,1840
County 3141,73141,1841
County 3142,73142,1842
County 3143,73143,1843
County 3144,73144,1844
County 3145,73145,1845
County 3146,73146,1846
County 3147,73147,1847
County 3148,73148,1848
County 3149,73149,1849
County 3150,73150,1850
County 3151,73151,1851
County 3152,73152,1852
County 3153,73153,1853
County 3154,73154,1854
County 3155,73155,1855
County 3156,73156,1856
County 3157,73157,1857
County 3158,73158,1858
County 3159,73159,1859
County 3160,73160,1860
County 3161,73161,1861
County 3162,73162,1862
County 3163,73163,1863
County 3164,73164,1864
County 3165,73165,1865
County 3166,73166,1866
County 3167,73167,1867
County 3168,73168,1868
County 3169,73169,1869
County 3170,73170,1870
County 3171,73171,1871
County 3172,73172,1872
County 3173,73173,1873
County 3174,73174,1874
County 3175,73175,1875
County 3176,73176,1876
County 3177,73177,1877
County 3178,73178,1878
County 3179,73179,1879
County 3180,73180,1880
County 3181,73181,1881
County 3182,73182,1882
County 3183,73183,1883
County 3184,73184,1884
County 3185,73185,1885
County 3186,73186,1886
County 3187,73187,1887
County 3188,73188,1888
County 3189,73189,1889
County 3190,73190,1890
County 3191,73191,1891
County 3192,73192,1892
County 3193,73193,1893
County 3194,73194,1894
County 3195,73195,1895
County 3196,73196,1896
County 3197,73197,1897
County 3198,73198,1898
County 3199,73199,1899
County 3200,73200,1500
County 3201,73201,1501
County 3202,73202,1502
County 3203,73203,1503
County 3204,73204,1504
County 3205,73205,1505
County 3206,73206,1506
County 3207,73207,1507
County 3208,73208,1508
County 3209,73209,1509
County 3210,73210,1510
County 3211,73211,1511
County 3212,73212,1512
County 3213,73213,1513
County 3214,73214,1514
County 3215,73215,1515
County 3216,73216,1516
County 3217,73217,1517
County 3218,73218,1518
County 3219,73219,1519
County 3220,73220,1520
County 3221,73221,1521
County 3222,73222,1522
County 3223,73223,1523
County 3224,73224,1524
County 3225,73225,1525
County 3226,73226,1526
County 3227,73227,1527
County 3228,73228,1528
County 3229,73229,1529
County 3230,73230,1530
County 3231,73231,1531
County 3232,73232,1532
County 3233,73233,1533
County 3234,73234,1534
County 3235,73235,1535
County 3236,73236,1536
County 3237,73237,1537
County 3238,73238,1538
County 3239,73239,1539
County 3240,73240,1540
County 3241,73241,1541
County 3242,73242,1542
County 3243,73243,1543
County 3244,73244,1544
County 3245,73245,1545
County 3246,73246,1546
County 3247,73247,1547
County 3248,73248,1548
County 3249,73249,1549
County 3250,73250,1550
County 3251,73251,1551
County 3252,73252,1552
County 3253,73253,1553
County 3254,73254,1554
County 3255,73255,1555
County 3256,73256,1556
County 3257,73257,1557
County 3258,73258,1558
County 3259,73259,1559
County 3260,73260,1560
County 3261,73261,1561
County 3262,73262,1562
County 3263,73263,1563
County 3264,73264,1564
County 3265,73265,1565
County 3266,73266,1566
County 3267,73267,1567
County 3268,73268,1568
County 3269,73269,1569
County 3270,73270,1570
County 3271,73271,1571
County 3272,73272,1572
County 3273,73273,1573
County 3274,73274,1574
County 3275,73275,1575
County 3276,73276,1576
County 3277,73277,1577
County 3278,73278,1578
County 3279,73279,1579
County 3280,73280,1580
County 3281,73281,1581
County 3282,73282,1582
County 3283,73283,1583
County 3284,73284,1584
County 3285,73285,1585
County 3286,73286,1586
County 3287,73287,1587
County 3288,73288,1588
County 3289,73289,1589
County 3290,73290,1590
County 3291,73291,1591
County 3292,73292,1592
County 3293,73293,1593
County 3294,73294,1594
County 3295,73295,1595
County 3296,73296,1596
County 3297,73297,1597
County 3298,73298,1598
County 3299,73299,1599
County 3300,73300,1600
County 3301,73301,1601
County 3302,73302,1602
County 3303,73303,1603
County 3304,73304,1604
County 3305,73305,1605
County 3306,73306,1606
County 3307,73307,1607
County 3308,73308,1608
County 3309,73309,1609
County 3310,73310,1610
County 3311,73311,1611
County 3312,73312,1612
County 3313,73313,1613
County 3314,73314,1614
County 3315,73315,1615
County 3316,73316,1616
County 3317,73317,1617
County 3318,73318,1618
County 3319,73319,1619
County 3320,73320,1620
County 3321,73321,1621
County 3322,73322,1622
County 3323,73323,1623
County 3324,73324,1624
County 3325,73325,1625
County 3326,73326,1626
County 3327,73327,1627
County 3328,73328,1628
County 3329,73329,1629
County 3330,73330,1630
County 3331,73331,1631
County 3332,73332,1632
County 3333,73333,1633
County 3334,73334,1634
County 3335,73335,1635
County 3336,73336,1636
County 3337,73337,1637
County 3338,73338,1638
County 3339,73339,1639
County 3340,73340,1640
County 3341,73341,1641
County 3342,73342,1642
County 3343,73343,1643
County 3344,73344,1644
County 3345,73345,1645
County 3346,73346,1646
County 3347,73347,1647
County 3348,73348,1648
County 3349,73349,1649
County 3350,73350,1650
County 3351,73351,1651
County 3352,73352,1652
County 3353,73353,1653
County 3354,73354,1654
County 3355,73355,1655
County 3356,73356,1656
County 3357,73357,1657
County 3358,73358,1658
County 3359,73359,1659
County 3360,73360,1660
County 3361,73361,1661
County 3362,73362,1662
County 3363,73363,1663
County 3364,73364,1664
County 3365,73365,1665
County 3366,73366,1666
County 3367,73367,1667
County 3368,73368,1668
County 3369,73369,1669
County 3370,73370,1670
County 3371,73371,1671
County 3372,73372,1672
County 3373,73373,1673
County 3374,73374,1674
County 3375,73375,1675
County 3376,73376,1676
County 3377,73377,1677
County 3378,73378,1678
County 3379,73379,1679
County 3380,73380,1680
County 3381,73381,1681
County 3382,73382,1682
County 3383,73383,1683
County 3384,73384,1684
County 3385,73385,1685
County 3386,73386,1686
County 3387,73387,1687
County 3388,73388,1688
County 3389,73389,1689
County 3390,73390,1690
County 3391,73391,1691
County 3392,73392,1692
County 3393,73393,1693
County 3394,73394,1694
County 3395,73395,1695
County 3396,73396,1696
County 3397,73397,1697
County 3398,73398,1698
County 3399,73399,1699
County 3400,73400,1700
County 3401,73401,1701
County 3402,73402,1702
County 3403,73403,1703
County 3404,73404,1704
County 3405,73405,1705
County 3406,73406,1706
County 3407,73407,1707
County 3408,73408,1708
County 3409,73409,1709
County 3410,73410,1710
County 3411,73411,1711
County 3412,73412,1712
County 3413,73413,1713
County 3414,73414,1714
County 3415,73415,1715
County 3416,73416,1716
County 3417,73417,1717
County 3418,73418,1718
County 3419,73419,1719
County 3420,73420,1720
County 3421,73421,1721
County 3422,73422,1722
County 3423,73423,1723
County 3424,73424,1724
County 3425,73425,1725
County 3426,73426,1726
County 3427,73427,1727
County 3428,73428,1728
County 3429,73429,1729
County 3430,73430,1730
County 3431,73431,1731
County 3432,73432,1732
County 3433,73433,1733
County 3434,73434,1734
County 3435,73435,1735
County 3436,73436,1736
County 3437,73437,1737
County 3438,73438,1738
County 3439,73439,1739
County 3440,73440,1740
County 3441,73441,1741
County 3442,73442,1742
County 3443,73443,1743
County 3444,73444,1744
County 3445,73445,1745
County 3446,73446,1746
County 3447,73447,1747
County 3448,73448,1748
County 3449,73449,1749
County 3450,73450,1750
County 3451,73451,1751
County 3452,73452,1752
County 3453,73453,1753
County 3454,73454,1754
County 3455,73455,1755
County 3456,73456,1756
County 3457,73457,1757
County 3458,73458,1758
County 3459,73459,1759
County 3460,73460,1760
County 3461,73461,1761
County 3462,73462,1762
County 3463,73463,1763
County 3464,73464,1764
County 3465,73465,1765
County 3466,73466,1766
County 3467,73467,1767
County 3468,73468,1768
County 3469,73469,1769
County 3470,73470,1770
County 3471,73471,1771
County 3472,73472,1772
County 3473,73473,1773
County 3474,73474,1774
County 3475,73475,1775
County 3476,73476,1776
County 3477,73477,1777
County 3478,73478,1778
County 3479,73479,1779
County 3480,73480,1780
County 3481,73481,1781
County 3482,73482,1782
County 3483,73483,1783
County 3484,73484,1784
County 3485,73485,1785
County 3486,73486,1786
County 3487,73487,1787
County 3488,73488,1788
County 3489,73489,1789
County 3490,73490,1790
County 3491,73491,1791
County 3492,73492,1792
County 3493,73493,1793
County 3494,73494,1794
County 3495,73495,1795
County 3496,73496,1796
County 3497,73497,1797
County 3498,73498,1798
County 3499,73499,1799
County 3500,73500,1800
County 3501,73501,1801
County 3502,73502,1802
County 3503,73503,1803
County 3504,73504,1804
County 3505,73505,1805
County 3506,73506,1806
County 3507,73507,1807
County 3508,73508,1808
County 3509,73509,1809
County 3510,73510,1810
County 3511,73511,1811
County 3512,73512,1812
County 3513,73513,1813
County 3514,73514,1814
County 3515,73515,1815
County 3516,73516,1816
County 3517,73517,1817
County 3518,73518,1818
County 3519,73519,1819
County 3520,73520,1820
County 3521,73521,1821
County 3522,73522,1822
County 3523,73523,1823
County 3524,73524,1824
County 3525,73525,1825
County 3526,73526,1826
County 3527,73527,1827
County 3528,73528,1828
County 3529,73529,1829
County 3530,73530,1830
County 3531,73531,1831
County 3532,73532,1832
County 3533,73533,1833
County 3534,73534,1834
County 3535,73535,1835
County 3536,73536,1836
County 3537,73537,1837
County 3538,73538,1838
County 3539,73539,1839
County 3540,73540,1840
County 3541,73541,1841
County 3542,73542,1842
County 3543,73543,1843
County 3544,73544,1844
County 3545,73545,1845
County 3546,73546,1846
County 3547,73547,1847
County 3548,73548,1848
County 3549,73549,1849
County 3550,73550,1850
County 3551,73551,1851
County 3552,73552,1852
County 3553,73553,1853
County 3554,73554,1854
County 3555,73555,1855
County 3556,73556,1856
County 3557,73557,1857
County 3558,73558,1858
County 3559,73559,1859
County 3560,73560,1860
County 3561,73561,1861
County 3562,73562,1862
County 3563,73563,1863
County 3564,73564,1864
County 3565,73565,1865
County 3566,73566,1866
County 3567,73567,1867
County 3568,73568,1868
County 3569,73569,1869
County 3570,73570,1870
County 3571,73571,1871
County 3572,73572,1872
County 3573,73573,1873
County 3574,73574,1874
County 3575,73575,1875
County 3576,73576,1876
County 3577,73577,1877
County 3578,73578,1878
County 3579,73579,1879
County 3580,73580,1880
County 3581,73581,1881
County 3582,73582,1882
County 3583,73583,1883
County 3584,73584,1884
County 3585,73585,1885
County 3586,73586,1886
County 3587,73587,1887
County 3588,73588,1888
County 3589,73589,1889
County 3590,73590,1890
County 3591,73591,1891
County 3592,73592,1892
County 3593,73593,1893
County 3594,73594,1894
County 3595,73595,1895
County 3596,73596,1896
County 3597,73597,1897
County 3598,73598,1898
County 3599,73599,1899
County 3600,73600,1500
County 3601,73601,1501
County 3602,73602,1502
County 3603,73603,1503
County 3604,73604,1504
County 3605,73605,1505
County 3606,73606,1506
County 3607,73607,1507
County 3608,73608,1508
County 3609,73609,1509
County 3610,73610,1510
County 3611,73611,1511
County 3612,73612,1512
County 3613,73613,1513
County 3614,73614,1514
County 3615,73615,1515
County 3616,73616,1516
County 3617,73617,1517
County 3618,73618,1518
County 3619,73619,1519
County 3620,73620,1520
County 3621,73621,1521
County 3622,73622,1522
County 3623,73623,1523
County 3624,73624,1524
County 3625,73625,1525
County 3626,73626,1526
County 3627,73627,1527
County 3628,73628,1528
County 3629,73629,1529
County 3630,73630,1530
County 3631,73631,1531
County 3632,73632,1532
County 3633,73633,1533
County 3634,73634,1534
County 3635,73635,1535
County 3636,73636,1536
County 3637,73637,1537
County 3638,73638,1538
County 3639,73639,1539
County 3640,73640,1540
County 3641,73641,1541
County 3642,73642,1542
County 3643,73643,1543
County 3644,73644,1544
County 3645,73645,1545
County 3646,73646,1546
County 3647,73647,1547
County 3648,73648,1548
County 3649,73649,1549
County 3650,73650,1550
County 3651,73651,1551
County 3652,73652,1552
County 3653,73653,1553
County 3654,73654,1554
County 3655,73655,1555
County 3656,73656,1556
County 3657,73657,1557
County 3658,73658,1558
County 3659,73659,1559
County 3660,73660,1560
County 3661,73661,1561
County 3662,73662,1562
County 3663,73663,1563
County 3664,73664,1564
County 3665,73665,1565
County 3666,73666,1566
County 3667,73667,1567
County 3668,73668,1568
County 3669,73669,1569
County 3670,73670,1570
County 3671,73671,1571
County 3672,73672,1572
County 3673,73673,1573
County 3674,73674,1574
County 3675,73675,1575
County 3676,73676,1576
County 3677,73677,1577
County 3678,73678,1578
County 3679,73679,1579
County 3680,73680,1580
County 3681,73681,1581
County 3682,73682,1582
County 3683,73683,1583
County 3684,73684,1584
County 3685,73685,1585
County 3686,73686,1586
County 3687,73687,1587
County 3688,73688,1588
County 3689,73689,1589
County 3690,73690,1590
County 3691,73691,1591
County 3692,73692,1592
County 3693,73693,1593
County 3694,73694,1594
County 3695,73695,1595
County 3696,73696,1596
County 3697,73697,1597
County 3698,73698,1598
County 3699,73699,1599
County 3700,73700,1600
County 3701,73701,1601
County 3702,73702,1602
County 3703,73703,1603
County 3704,73704,1604
County 3705,73705,1605
County 3706,73706,1606
County 3707,73707,1607
County 3708,73708,1608
County 3709,73709,1609
County 3710,73710,1610
County 3711,73711,1611
County 3712,73712,1612
County 3713,73713,1613
County 3714,73714,1614
County 3715,73715,1615
County 3716,73716,1616
County 3717,73717,1617
County 3718,73718,1618
County 3719,73719,1619
County 3720,73720,1620
County 3721,73721,1621
County 3722,73722,1622
County 3723,73723,1623
County 3724,73724,1624
County 3725,73725,1625
County 3726,73726,1626
County 3727,73727,1627
County 3728,73728,1628
County 3729,73729,1629
County 3730,73730,1630
County 3731,73731,1631
County 3732,73732,1632
County 3733,73733,1633
County 3734,73734,1634
County 3735,73735,1635
County 3736,73736,1636
County 3737,73737,1637
County 3738,73738,1638
County 3739,73739,1639
County 3740,73740,1640
County 3741,73741,1641
County 3742,73742,1642
County 3743,73743,1643
County 3744,73744,1644
County 3745,73745,1645
County 3746,73746,1646
County 3747,73747,1647
County 3748,73748,1648
County 3749,73749,1649
County 3750,73750,1650
County 3751,73751,1651
County 3752,73752,1652
County 3753,73753,1653
County 3754,73754,1654
County 3755,73755,1655
County 3756,73756,1656
County 3757,73757,1657
County 3758,73758,1658
County 3759,73759,1659
County 3760,73760,1660
County 3761,73761,1661
County 3762,73762,1662
County 3763,73763,1663
County 3764,73764,1664
County 3765,73765,1665
County 3766,73766,1666
County 3767,73767,1667
County 3768,73768,1668
County 3769,73769,1669
County 3770,73770,1670
County 3771,73771,1671
County 3772,73772,1672
County 3773,73773,1673
County 3774,73774,1674
County 3775,73775,1675
County 3776,73776,1676
County 3777,73777,1677
County 3778,73778,1678
County 3779,73779,1679
County 3780,73780,1680
County 3781,73781,1681
County 3782,73782,1682
County 3783,73783,1683
County 3784,73784,1684
County 3785,73785,1685
County 3786,73786,1686
County 3787,73787,1687
County 3788,73788,1688
County 3789,73789,1689
County 3790,73790,1690
County 3791,73791,1691
County 3792,73792,1692
County 3793,73793,1693
County 3794,73794,1694
County 3795,73795,1695
County 3796,73796,1696
County 3797,73797,1697
County 3798,73798,1698
County 3799,73799,1699
County 3800,73800,1700
County 3801,73801,1701
County 3802,73802,1702
County 3803,73803,1703
County 3804,73804,1704
County 3805,73805,1705
County 3806,73806,1706
County 3807,73807,1707
County 3808,73808,1708
County 3809,73809,1709
County 3810,73810,1710
County 3811,73811,1711
County 3812,73812,1712
County 3813,73813,1713
County 3814,73814,1714
County 3815,73815,1715
County 3816,73816,1716
County 3817,73817,1717
County 3818,73818,1718
County 3819,73819,1719
County 3820,73820,1720
County 3821,73821,1721
County 3822,73822,1722
County 3823,73823,1723
County 3824,73824,1724
County 3825,73825,1725
County 3826,73826,1726
County 3827,73827,1727
County 3828,73828,1728
County 3829,73829,1729
County 3830,73830,1730
County 3831,73831,1731
County 3832,73832,1732
County 3833,73833,1733
County 3834,73834,1734
County 3835,73835,1735
County 3836,73836,1736
County 3837,73837,1737
County 3838,73838,1738
County 3839,73839,1739
County 3840,73840,1740
County 3841,73841,1741
County 3842,73842,1742
County 3843,73843,1743
County 3844,73844,1744
County 3845,73845,1745
County 3846,73846,1746
County 3847,73847,1747
County 3848,73848,1748
County 3849,73849,1749
County 3850,73850,1750
County 3851,73851,1751
County 3852,73852,1752
County 3853,73853,1753
County 3854,73854,1754
County 3855,73855,1755
County 3856,73856,1756
County 3857,73857,1757
County 3858,73858,1758
County 3859,73859,1759
County 3860,73860,1760
County 3861,73861,1761
County 3862,73862,1762
County 3863,73863,1763
County 3864,73864,1764
County 3865,73865,1765
County 3866,73866,1766
County 3867,73867,1767
County 3868,73868,1768
County 3869,73869,1769
County 3870,73870,1770
County 3871,73871,1771
County 3872,73872,1772
County 3873,73873,1773
County 3874,73874,1774
County 3875,73875,1775
County 3876,73876,1776
County 3877,73877,1777
County 3878,73878,1778
County 3879,73879,1779
County 3880,73880,1780
County 3881,73881,1781
County 3882,73882,1782
County 3883,73883,1783
County 3884,73884,1784
County 3885,73885,1785
County 3886,73886,1786
County 3887,73887,1787
County 3888,73888,1788
County 3889,73889,1789
County 3890,73890,1790
County 3891,73891,1791
County 3892,73892,1792
County 3893,73893,1793
County 3894,73894,1794
County 3895,73895,1795
County 3896,73896,1796
County 3897,73897,1797
County 3898,73898,1798
County 3899,73899,1799
County 3900,73900,1800
County 3901,73901,1801
County 3902,73902,1802
County 3903,73903,1803
County 3904,73904,1804
County 3905,73905,1805
County 3906,73906,1806
County 3907,73907,1807
County 3908,73908,1808
County 3909,73909,1809
County 3910,73910,1810
County 3911,73911,1811
County 3912,73912,1812
County 3913,73913,1813
County 3914,73914,1814
County 3915,73915,1815
County 3916,73916,1816
County 3917,73917,1817
County 3918,73918,1818
County 3919,73919,1819
County 3920,73920,1820
County 3921,73921,1821
County 3922,73922,1822
County 3923,73923,1823
County 3924,73924,1824
County 3925,73925,1825
County 3926,73926,1826
County 3927,73927,1827
County 3928,73928,1828
County 3929,73929,1829
County 3930,73930,1830
County 3931,73931,1831
County 3932,73932,1832
County 3933,73933,1833
County 3934,73934,1834
County 3935,73935,1835
County 3936,73936,1836
County 3937,73937,1837
County 3938,73938,1838
County 3939,73939,1839
County 3940,73940,1840
County 3941,73941,1841
County 3942,73942,1842
County 3943,73943,1843
County 3944,73944,1844
County 3945,73945,1845
County 3946,73946,1846
County 3947,73947,1847
County 3948,73948,1848
County 3949,73949,1849
County 3950,73950,1850
County 3951,73951,1851
County 3952,73952,1852
County 3953,73953,1853
County 3954,73954,1854
County 3955,73955,1855
County 3956,73956,1856
County 3957,73957,1857
County 3958,73958,1858
County 3959,73959,1859
County 3960,73960,1860
County 3961,73961,1861
County 3962,73962,1862
County 3963,73963,1863
County 3964,73964,1864
County 3965,73965,1865
County 3966,73966,1866
County 3967,73967,1867
County 3968,73968,1868
County 3969,73969,1869
County 3970,73970,1870
County 3971,73971,1871
County 3972,73972,1872
County 3973,73973,1873
County 3974,73974,1874
County 3975,73975,1875
County 3976,73976,1876
County 3977,73977,1877
County 3978,73978,1878
County 3979,73979,1879
County 3980,73980,1880
County 3981,73981,1881
County 3982,73982,1882
County 3983,73983,1883
County 3984,73984,1884
County 3985,73985,1885
County 3986,73986,1886
County 3987,73987,1887
County 3988,73988,1888
County 3989,73989,1889
County 3990,73990,1890
County 3991,73991,1891
County 3992,73992,1892
County 3993,73993,1893
County 3994,73994,1894
County 3995,73995,1895
County 3996,73996,1896
County 3997,73997,1897
County 3998,73998,1898
County 3999,73999,1899
