enabler_id,name,status,method_kind,who_can_run,who_acts,url,step_quote,step_locator,indicator,link,capability_quote,capability_locator,requirement_nodes,note
enabler:akamai-datastream-2,"Akamai DataStream 2 edge logs, with security fields",supported,tool_commercial,agency_enabled,the publisher configures a stream on its Akamai property and shares the destination,https://techdocs.akamai.com/datastream2/docs/welcome-datastream2,Choose a destination for each stream you create,corpus/kernel/akamai-datastream-2-docs.md (doc_id akamai-datastream-2-docs),A11,proposed_link,Traffic data and metrics on individual edge request-response cycles,corpus/kernel/akamai-datastream-2-docs.md (doc_id akamai-datastream-2-docs),,"the data-set parameters include the security rules a request triggered, Bot Management among them (akamai-datastream-2-data-set-parameters)"
enabler:bing-webmaster-tools,"Bing Webmaster Tools, a verified site",supported,tool_commercial,agency_enabled,"the site owner verifies the site (Domain Connect, XML file, meta tag, DNS, or import from Search Console)",https://www.bing.com/webmasters,The imported sites will be automatically verified,https://blogs.bing.com/webmaster/september-2019/Import-sites-from-Search-Console-to-Bing-Webmaster-Tools,C4,existing_node,understand how often your content is cited in generative answers,corpus/kernel/bing-ai-performance-public-preview-2026.md (doc_id bing-ai-performance-public-preview-2026),tool:bing-webmaster-tools-ai-performance;pre:bing-webmaster-tools-verified-site,
enabler:bing-webmaster-tools,"Bing Webmaster Tools, a verified site",supported,tool_commercial,agency_enabled,"the site owner verifies the site (Domain Connect, XML file, meta tag, DNS, or import from Search Console)",https://www.bing.com/webmasters,The imported sites will be automatically verified,https://blogs.bing.com/webmaster/september-2019/Import-sites-from-Search-Console-to-Bing-Webmaster-Tools,A11,proposed_link,"troubleshoot crawling and indexing issues, submit sitemaps and view statistics for your sites",corpus/kernel/bing-webmaster-api-docs.md (doc_id bing-webmaster-api-docs),tool:bing-webmaster-tools-ai-performance;pre:bing-webmaster-tools-verified-site,
enabler:cloudflare-ai-crawl-control,"Cloudflare AI Crawl Control, on the publisher's zone",supported,tool_commercial,agency_enabled,the publisher grants access to the Cloudflare zone that fronts the host (pre:cloudflare-zone-account),https://developers.cloudflare.com/ai-crawl-control/,,framework/ai_readiness_framework.json#pre:cloudflare-zone-account,A11,existing_node,See which AI services access your content,corpus/kernel/cloudflare-ai-crawl-control.md (doc_id cloudflare-ai-crawl-control),tool:cloudflare-ai-crawl-control;pre:cloudflare-zone-account,
enabler:cloudflare-ai-crawl-control,"Cloudflare AI Crawl Control, on the publisher's zone",supported,tool_commercial,agency_enabled,the publisher grants access to the Cloudflare zone that fronts the host (pre:cloudflare-zone-account),https://developers.cloudflare.com/ai-crawl-control/,,framework/ai_readiness_framework.json#pre:cloudflare-zone-account,A12,proposed_link,See which AI services access your content,corpus/kernel/cloudflare-ai-crawl-control.md (doc_id cloudflare-ai-crawl-control),tool:cloudflare-ai-crawl-control;pre:cloudflare-zone-account,A12 is a candidate (DD-054); the dashboard would show whether an identified client was refused at the edge
enabler:google-search-console,"Google Search Console, a verified property",supported,tool_commercial,agency_enabled,the site owner verifies the property; the report is read by or shared with the assessor,https://developers.google.com/search/docs/monitor-debug/search-console-start,Verify site ownership,corpus/kernel/google-search-console-start.md (doc_id google-search-console-start),A6,proposed_link,show what structured data Google could or couldn't read from your site,corpus/kernel/google-search-console-start.md (doc_id google-search-console-start),,
enabler:google-search-console,"Google Search Console, a verified property",supported,tool_commercial,agency_enabled,the site owner verifies the property; the report is read by or shared with the assessor,https://developers.google.com/search/docs/monitor-debug/search-console-start,Verify site ownership,corpus/kernel/google-search-console-start.md (doc_id google-search-console-start),A5,proposed_link,gives you an overview of all the pages Google indexed or tried to index,corpus/kernel/google-search-console-start.md (doc_id google-search-console-start),,
enabler:google-search-console,"Google Search Console, a verified property",supported,tool_commercial,agency_enabled,the site owner verifies the property; the report is read by or shared with the assessor,https://developers.google.com/search/docs/monitor-debug/search-console-start,Verify site ownership,corpus/kernel/google-search-console-start.md (doc_id google-search-console-start),A11,proposed_link,statistics about Google's crawling history on your website,https://support.google.com/webmasters/answer/9679690,,
enabler:google-search-console,"Google Search Console, a verified property",supported,tool_commercial,agency_enabled,the site owner verifies the property; the report is read by or shared with the assessor,https://developers.google.com/search/docs/monitor-debug/search-console-start,Verify site ownership,corpus/kernel/google-search-console-start.md (doc_id google-search-console-start),C4,unsupported,included in the overall search traffic,corpus/kernel/google-ai-features-and-your-website.md (doc_id google-ai-features-and-your-website),,"AI Overviews and AI Mode are counted inside overall search traffic, so the report cannot isolate AI citations"
enabler:server-logs,Raw server and edge request logs,supported,tool_open_source,agency_records,the publisher shares request logs for the product path (pre:edge-and-crawler-request-logs); GoAccess reads them,https://github.com/allinurl/goaccess,,framework/ai_readiness_framework.json#pre:edge-and-crawler-request-logs,A11,existing_node,"scanners, bots, and anomalous requests directly from your logs",corpus/kernel/goaccess-readme.md (doc_id goaccess-readme),pre:edge-and-crawler-request-logs,
enabler:sitemap-and-robots-submission,robots.txt and sitemap submission to search consoles,unsupported,tool_commercial,agency_enabled,"the site owner, inside a verified console",https://developers.google.com/search/docs/monitor-debug/search-console-start,submitting a sitemap using Search Console might speed up your site's discovery,corpus/kernel/google-search-console-start.md (doc_id google-search-console-start),,unsupported,submitting a sitemap using Search Console might speed up your site's discovery,corpus/kernel/google-search-console-start.md (doc_id google-search-console-start),,"submission is a discovery action, not an instrument. robots.txt and sitemaps are public and already read by the built rules for A4, A5, A11 and A12; the reports a submission feeds belong to the two console enablers above"
enabler:web-analytics,"Web analytics (the federal DAP, Google Analytics 360)",supported,tool_commercial,agency_enabled,the agency installs the DAP tag (required of executive agencies by M-23-22) and shares the agency view,https://digital.gov/guides/dap/,Agencies are required to participate in GSA’s government-wide Digital Analytics Program (DAP),corpus/kernel/digital-gov-dap-guide.md (doc_id digital-gov-dap-guide),,unsupported,"helps federal agencies understand how the public finds, accesses, and uses government services online",corpus/kernel/digital-gov-dap-guide.md (doc_id digital-gov-dap-guide),,a tag in the browser measures human visits; no source on file says DAP reports AI crawlers
enabler:web-analytics,"Web analytics (the federal DAP, Google Analytics 360)",supported,tool_commercial,agency_enabled,the agency installs the DAP tag (required of executive agencies by M-23-22) and shares the agency view,https://digital.gov/guides/dap/,Agencies are required to participate in GSA’s government-wide Digital Analytics Program (DAP),corpus/kernel/digital-gov-dap-guide.md (doc_id digital-gov-dap-guide),C4,proposed_link,Using first-party analytics and server logs,corpus/round2/watanabe-2026-aeo-referral-natural-experiment.pdf (doc_id watanabe-2026-aeo-referral-natural-experiment),,referral visits from an answer engine show the page was cited and clicked; whether the DAP agency view exposes that referrer breakdown is not established by the guide
