body,tier,hosts,front_door_observed,named_by,n_observations_naming,n_observations_on_hosts,observation_ids
BEA,A,www.bea.gov,azure,azure: header name `x-azure-ref`,198,198,obs_01adc97b1fb8f9c99d6f94fa;obs_01c90be1a139f5cfaf40e347;obs_02a39c9abdf8c5a5a572aeed;obs_031b5814bb7d9482a47567ba;obs_0327c880df8951bb2b3d51e6;(+193 more)
BJS,A,bjs.ojp.gov,cloudflare,cloudflare: `server` value,176,176,obs_00a07551608ec0ea266ebc98;obs_017774acc379381d485d9f9f;obs_01eac353c305c394c4a9c062;obs_032a021bbe9a9e1284454e95;obs_032bdb927b16044e2ca91723;(+171 more)
BLS,A,www.bls.gov,akamai,"akamai: HTTP 403 refusal page body, `server` value",70,70,obs_00085076091297770e4fb1ee;obs_038f2c58bbd39c8ec6aaa317;obs_06bee96e237c79ae57aa0112;obs_076c9e5194887d2bf66377ba;obs_094cdf8a1172ac321395de43;(+65 more)
BTS,A,www.bts.gov,akamai,akamai: `server` value,68,68,obs_0807b2cca14f15a942dcdf5a;obs_087fc330989367d515722747;obs_0aee5b32356af765d3725118;obs_0b64425dce842b994138e602;obs_0fd656b538b16c050334e101;(+63 more)
CENSUS,A,www.census.gov,cloudflare,cloudflare: `server` value,230,235,obs_01ca9cb25c4ab33b069a9943;obs_029b69c5a9eb9017b6dc90e8;obs_02b8e2fa1be3cf5619aec89e;obs_0440a3a0808314704c0dfa8c;obs_074f94188abfb8602f747ffb;(+225 more)
DRSMSU,A,www.federalreserve.gov,cloudflare,cloudflare: `server` value,118,118,obs_04310ceca2b21ab87eae30c2;obs_0572976aa03e728eea8e44c1;obs_0577b993ecaea1976944f61a;obs_078a3b4c0fb4e516f782bb1c;obs_15b3a144345e8baa56979595;(+113 more)
EIA,A,www.eia.gov,akamai,"akamai: `server` value, header name `x-akamai-transformed`",42,150,obs_0a9a2d479283d781e4e266c1;obs_21028074d239d41023e5bc60;obs_242a7ab3528235903b68c963;obs_2d387fc17690b06c8dc7922a;obs_2ec389be0054e16b537aa20f;(+37 more)
ERS,A,www.ers.usda.gov,not_observed_in_record,,0,238,
NAHMSAPHIS,A,www.aphis.usda.gov,akamai,"akamai: header name `akamai-grn`, header name `x-akamai-transformed`",118,118,obs_0280717081213ba384b066b0;obs_03c0a8256c848170123af57c;obs_03c949952d8ee2bd51a8f476;obs_07478be774dcd0370512598c;obs_09d7938fc768efa7d0027bab;(+113 more)
NASS,A,www.nass.usda.gov,azure,azure: header name `x-azure-ref`,234,234,obs_006f787210ce2ac1410c2753;obs_030044258cd9ba9db4c3bf6e;obs_06095cf5d60d45ac93b64b20;obs_076ccf7b3d582d7c2f5cf6f0;obs_0787d4ec887228502bc04986;(+229 more)
NCES,A,nces.ed.gov,not_observed_in_record,,0,124,
NCHS,A,www.cdc.gov,azure,azure: header name `x-azure-ref`,208,208,obs_01007c7acced719e3871ec06;obs_017b38bfb33a0cbc2b237b0a;obs_01bb208e95971255599b0745;obs_0232502670c7411a46e14a92;obs_02dab82de1d97f243d18f123;(+203 more)
NCSES,A,ncses.nsf.gov,not_observed_in_record,,0,177,
ORES,A,www.ssa.gov,not_observed_in_record,,0,68,
SAMHSACBHS,A,www.samhsa.gov,not_observed_in_record,,0,119,
SOI,A,www.irs.gov,akamai,akamai: header name `akamai-grn`,168,168,obs_00fb14c049c8db7cdb49aa56;obs_025f4ffae55f5cfa7d681464;obs_02c2a6b16276e39f9652ff48;obs_053d7ce926d06f2b8a649634;obs_0628bc3f2cfd4debc2e0e3c1;(+163 more)
data.gov,C,catalog.data.gov;www.data.gov,cloudfront,"cloudfront: `via` value, `x-cache` value",24,24,obs_29c4203a508eff7a3be7fdcd;obs_2ba9a0b5fc6153bc7a9851af;obs_2c5033957bfb2cffd33c0523;obs_39c43c1ee2d2deba60a3c1e5;obs_3bc5740faa0e55d8118048d6;(+19 more)
GSA,C,open.gsa.gov;www.gsa.gov,cloudfront,"cloudfront: `via` value, `x-cache` value",24,24,obs_16d61b6ba78f404faa04fbb4;obs_1ba08d494d49a91e557a4e53;obs_1ca8357215e79cbc9ea83522;obs_1d199499bc81b99d52b4fdaa;obs_253f1993f8c7f0febb8f48a0;(+19 more)
NIST,C,data.nist.gov;www.nist.gov,cloudflare,cloudflare: `server` value,24,24,obs_07cc908150871317d3320d87;obs_08c0dff5ce2db07aceb08339;obs_0c8416b00ba24ebf9e10b17e;obs_16b3f17d7bbf208f432d543a;obs_21f5dab225a1b2b3975432da;(+19 more)
